reason_id_x,image_id,rating_x,reason_x,feature_x,sentiment_x,reason_id_y,rating_y,reason_y,feature_y,sentiment_y
1,139,5,Easy to compare categories,Aesthetics-Clarity-Comparison,positive,2,4,The takeaway is not very clear,Aesthetics-Clarity-Comparison,negative
4,148,5,Easy to compare stabilization categories,Aesthetics-Clarity-Comparison,positive,6,3,"Chart is dense, uses technical terms",Visual Density / Clutter,negative
7,203,5,Easy to compare ranges of yield change,Aesthetics-Clarity-Comparison,positive,8,4,The graph is hard to extract information from,Visual Density / Clutter,negative
13,2360,5,Easy to interpret the chart and see the main trends without looking at the caption. Easy to interpret the chart,Aesthetics-Clarity-Comparison,positive,14,4,the graph should have a key explaining the solid dotted line difference,Labels-Titles-Legend-Scale,negative
19,332,5,Easy to read labels and compare the categories to understand the relationship between capacity factor and investment costs ,Labels‑Titles‑Legend‑Scale,positive,20,4,the labels on the graph could be differentiated more,Labels-Titles-Legend-Scale,negative
25,339,5,a clear chart makes it easy to understand the main trend,Aesthetics-Clarity-Comparison,positive,26,4,Hard to interpret what the symbols are representing on y-axis,Labels-Titles-Legend-Scale,negative
31,497,5,Easy to compare the onshore and offshore categories Easy to compare the onshore offshore categories,Aesthetics-Clarity-Comparison,positive,33,3,"The chart does not show the trend clearly, and only explain about the labels. ",Trend / Pattern Depiction,negative
40,610,5,"The chart has color coding, it is well-organized . The chart has color coding, it is well-organized",Labels‑Titles‑Legend‑Scale,positive,640,2,"chart does not include legend
",Labels-Titles-Legend-Scale,negative
43,660,5,The graph uses colors to represent 3 different categories making it easy to follow each line,Labels‑Titles‑Legend‑Scale,positive,44,4,The graph is a little hard to read,Aesthetics-Clarity-Comparison,negative
61,999,5,Clear takeaway easy to interpret,Aesthetics-Clarity-Comparison,positive,63,4,"chart to interpret the takeaway, the line is clearly not mentioned in the chart",Aesthetics-Clarity-Comparison,negative
70,1277,5,The legend further helps in understanding the main takeaway. The words on the side explaining the y-axis is cut off. The words on the side explaining the y-axis is cut off The legend further helps in understanding the main takeaway,Labels-Titles-Legend-Scale,positive,71,4,the labels are not visible,Labels-Titles-Legend-Scale,negative
73,1285,5,The chart shows the time series of the global annual ocean with color-code lines for different categories . The clear labels from the average time periods help in understanding the main trend The chart shows the time series of the global annual ocean with color-code lines for different categories data source The clear labels from the average time periods help in understanding the main trend,Trend / Pattern Depiction,positive,75,1,"The chart does mention the error region, it is not clear about the range of the confidence interval or why is it kept with different colors",Labels-Titles-Legend-Scale,negative
85,1711,5,Easy to compare the categories,Aesthetics-Clarity-Comparison,positive,86,4,the graph labels are small,Labels-Titles-Legend-Scale,negative
118,2218,5,Easy to compare the categories and see the main trends Easy to compare the categories see the main trends,Aesthetics-Clarity-Comparison,positive,119,4,the graph labels are unclear,Labels-Titles-Legend-Scale,negative
127,304,4,The chart provides useful information to understand the data,Aesthetics-Clarity-Comparison,positive,128,3,the labels are hard to read on the graph,Labels-Titles-Legend-Scale,negative
140,433,5,The graph is easy to understand,Aesthetics-Clarity-Comparison,positive,139,4,No legend included,Labels-Titles-Legend-Scale,negative
179,1044,5,the colors are clear on the graph,Labels-Titles-Legend-Scale,positive,178,4,"Too many lines and shaded regions makes the chart more complicated, Too many lines shaded regions makes the chart more complicated,",Visual Density / Clutter,negative
187,1428,4,"The chart effectively shows the ranges of lifecycle GHG emissions for various fuel categories using different patterns. The use of multiple sources makes the chart somewhat clutters, but it is interpretable The chart effectively shows the ranges of lifecycle GHG emissions for various fuel categories using different patterns The use of multiple sources makes the chart somewhat clutters, it is interpretable",Aesthetics-Clarity-Comparison,positive,189,1,bars inside the chart is little confusing,Labels-Titles-Legend-Scale,negative
193,1499,4,the graph includes a legend and it is somewhat easy to understand the errors bars. the graph includes a legend it is somewhat easy to understand the errors bars This visualization effectively shows the differences between the categories,Aesthetics-Clarity-Comparison,positive,195,4,The black lines are not fully mentioned in chart but could be infered as error lines,Aesthetics-Clarity-Comparison,negative
199,1626,4,"Clear representation with some complexity, no legend is present in the graph, making it somewhat interpretable You can see the overall trend by looking at the regression line and the r^2 Clear representation with some complexity, no legend is present in the graph, making it somewhat interpretable You can see the overall trend by looking at the regression line the r^2",Aesthetics-Clarity-Comparison,positive,201,2,The labels are not mentioned in the chart,Labels-Titles-Legend-Scale,negative
202,1697,4,Somewhat easy to compare the categories,Aesthetics-Clarity-Comparison,positive,203,4,some of the labels are blurry on the graph,Labels-Titles-Legend-Scale,negative
208,1718,4,"Clear representation with consistent color coding, making it somewhat interpretable",Aesthetics-Clarity-Comparison,positive,209,3,"The graph is kind of confusing with the red blue, the different year labels",Labels-Titles-Legend-Scale,negative
236,1915,4,"the top graph is understandable, the bottom graph should include axis labels",Labels-Titles-Legend-Scale,positive,235,4,"The chart has two parts, the addition of these panels makes it complex, but it does provide an overall overview of the data given. The color-coded map shows the positive and negative trends The line graph can be a little difficult to interpret since there are overlapping lines, making it somewhat interpretable The chart has two parts, the addition of these panels makes it complex, it does provide an overall overview of the data given The color-coded map shows the positive negative trends The line graph can be a little difficult to interpret since there are overlapping lines, making it somewhat interpretable",Visual Density / Clutter,negative
241,1947,4,"The chart shows different panels for different scenarios Despite the detailed context, the visual clarity makes the charts somewhat interpretable It is long informative, adds complexity to the interpretation The chart shows different panels for different scenarios",Visual Density / Clutter,positive,243,3,There are many details in chart I did not find any clear takeaway,Visual Density / Clutter,negative
246,1979,3,"The chart is easy to interpret, ",Aesthetics-Clarity-Comparison,positive,244,4,"The chart shows the main key takeaways, but the multiple components make it complex The chart shows the main key takeaways, the multiple components make it complex",Visual Density / Clutter,negative
247,2016,4,"The use of color coding in the map helps see the variations in the anomalies. But the time graph can be confusing to understand, using the visual clues it can be seen that red bars is for positive values and blue bars are the negative values. Despite the detailed information, the representation is clear. The chart lacks detailed labels that could help in the interpretation. The use of color coding in the map helps see the variations in the anomalies But the time graph can be confusing to understand, using the visual clues it can be seen that red bars is for positive values blue bars are the negative values Despite the detailed information, the representation is clear The chart lacks detailed labels that could help in the interpretation",Aesthetics-Clarity-Comparison,positive,249,3,"The chart does not mention about the color scale used for world map, need to have some assumptions of the color scale for chart only",Labels-Titles-Legend-Scale,negative
250,2049,4,"The graphs contain a lot of data points and trend lines that are presented clearly. Although the chart effectively conveys the main trends, the lack of detailed labels and annotations might make it harder to interpret the small specific finding without any additional context. The graphs contain a lot of data points trend lines that are presented clearly Although the chart effectively conveys the main trends, the lack of detailed labels",Aesthetics-Clarity-Comparison,positive,251,4,the graph data doesn't have a key for the symbols,Labels-Titles-Legend-Scale,negative
274,2220,4,The use of different colors and line styles helps compare the categories The bars at the end represents the ranges and helps interpretating the chart The use of different colors line styles helps compare the categories The bars at the end represents the ranges helps interpretating the chart,Aesthetics-Clarity-Comparison,positive,275,3,"the graph formatting is a little confusing, it needs a key",Labels-Titles-Legend-Scale,negative
277,2223,4,"The visualization has 2 panels, which adds complexity, but it also gives a good overview of the data The visualization has 2 panels, which adds complexity, it also gives a good overview of the data",Chart Type & Layout Choice,positive,278,4,the graph needs a key,Labels-Titles-Legend-Scale,negative
287,297,5,The graph is easy to understand,Aesthetics-Clarity-Comparison,positive,286,3,No legend is present to explain the non-linear lines,Labels-Titles-Legend-Scale,negative
291,407,5,Easy to compare categories,Aesthetics-Clarity-Comparison,positive,289,3,"the chart is blurry, 
Difficult to read the chart",Aesthetics-Clarity-Comparison,negative
294,494,4,Easy to compare categories,Aesthetics-Clarity-Comparison,positive,292,3,"Hard to interpret the multiple categories on the chart, 
",Visual Density / Clutter,negative
318,604,4,Easy to compare categories,Aesthetics-Clarity-Comparison,positive,316,2,hard to compare the categories,Aesthetics-Clarity-Comparison,negative
321,676,4,Easy to understand,Aesthetics-Clarity-Comparison,positive,319,2,"- Hard to understand the graph, as there are 2 graphs in the big graph 
- The chart has 2 y-axis and it is visually complex - There is no legend for the different colored lines - Hard to understand the graph, as there are 2 graphs in the big graph 
- The chart has 2 y-axis it is visually complex - There is no legend for the different colored lines",Visual Density / Clutter,negative
326,846,5,the color coding is well done,Labels-Titles-Legend-Scale,positive,325,2,"Complex bar chart under multiple scenarios for the year of 2050. But the chart itself is cluttered with multiple bars for each region and scenarios, making it difficult to grasp what is the main takeaway. The overlapping data and use of different colors add more to the confusion.",Visual Density / Clutter,negative
336,1100,4,Easy to compare categories,Aesthetics-Clarity-Comparison,positive,334,2,"The graph's resolution is low, the graph is blurry There is no legend present, explaining the different colors what do they mean",Labels-Titles-Legend-Scale,negative
345,1206,4,Easy to compare categories,Aesthetics-Clarity-Comparison,positive,343,2,"The chart includes multiple categories with detailed visual elements, overlapping data points, addition symbols like red diamonds, all of which make it hard to interpret",Visual Density / Clutter,negative
362,1748,4,the graph labels can be bigger,Labels-Titles-Legend-Scale,positive,361,2,Multiple panels make it hard analyze the full context of these graphs,Chart Type & Layout Choice,negative
393,2276,4,It is better to have separate lines in between different categories to increase interpretability in my opinion,Aesthetics-Clarity-Comparison,positive,391,2,The chart uses different scales to represent the different datasets which makes it somewhat confusing to interpret the data,Labels-Titles-Legend-Scale,negative
401,2152,5,display the trend well,Trend / Pattern Depiction,positive,400,2,The use of multiple components adds to the complexity of interpretation.,Visual Density / Clutter,negative
413,909,4,"The graph is well made,",Aesthetics-Clarity-Comparison,positive,412,1,"multiple bars and categories make it confusing to understand what the main takeaways are Although, the chart is labeled the layout is dense",Visual Density / Clutter,negative
426,1146,4,Easy to understand,Aesthetics-Clarity-Comparison,positive,424,1,"This visualization consists of 6 bar graphs, broken down into different regions aerosols error bars. However the overall layout is cluttered with many bars, colors codes and error bars. The dense information make it difficult to quickly understand takeaway",Visual Density / Clutter,negative
447,1294,4,Easy to compare categories,Aesthetics-Clarity-Comparison,positive,445,1,"the graph has multiple elements that represent with vertical bars with various colors lines symbols, making it hard to read it takes time to interpret the information Furthermore, the compares multiple models which requires careful interpretation",Visual Density / Clutter,negative
512,290,4,Use of grid in the 3D chart makes it easy to read The chart has prominent patterns takeaway message is not clear,Aesthetics-Clarity-Comparison,positive,511,4,Use of grid in the 3D chart makes it easy to read The chart has prominent patterns takeaway message is not clear,Aesthetics-Clarity-Comparison,negative
514,650,5,Pattern of trend in chart is easy to understand,Trend / Pattern Depiction,positive,516,2,also little unclear about B2 scenarios,Labels-Titles-Legend-Scale,negative
532,413,2,chart does not include legend for colors used Low level message is easy to grasp from the chart,Labels-Titles-Legend-Scale,positive,534,1,"chart is not useful to interpret the trend also labels are missing in chart,",Trend / Pattern Depiction,negative
545,2060,5,Shared x-axis in the chart helps to compare the different data attributes plotted in the chart,Labels-Titles-Legend-Scale,positive,544,4,Lack of domain knowledge makes it difficult to read the chart Key takeaway is not clear looking at both Shared x-axis in the chart helps to compare the different data attributes plotted in the chart,Aesthetics-Clarity-Comparison,negative
555,2163,4,"Though there are too many labels mentioned in the chart, chart represent a clear takeaway message",Aesthetics-Clarity-Comparison,positive,553,4,The chart is extremely cluttered making it difficult to grasp the key takeaway message A pattern can be observed in the chart the intended message is not clear,Visual Density / Clutter,negative
559,2293,4,Collective trend outliers are easy to detect in the chart making the overall message clear,Trend / Pattern Depiction,positive,561,2,"The visualization is cluttered, overwhelming",Visual Density / Clutter,negative
565,869,3,Low level understanding is easy to grasp as the graph uses shared color encoding across multiple panels,Aesthetics-Clarity-Comparison,positive,567,1,The chart is too complex with many visual elements to compare between labels are kept in between two charts making it difficult to interpret for which chart it is,Visual Density / Clutter,negative
568,1214,4,The graph alone is sufficient to get an overall message Use of color encoding along z-axis of the 3D chart aids in identification task Use of multiple charts in a single panel requires remembering a lot of information reading all the chart to get the over all message,Aesthetics-Clarity-Comparison,positive,570,3,Inconsistent scale use (year),Labels-Titles-Legend-Scale,negative
577,1503,4,The takeaway message is clear after looking at both the chart,Aesthetics-Clarity-Comparison,positive,579,2,The heatmap visualizes multiple elements using color gradients to indicate error magnitude. The color scale is also not common practice,Labels-Titles-Legend-Scale,negative
591,2028,4,"The inverted axis in the y-axis is not visible in the first glance, overall the visualization is clear,",Aesthetics-Clarity-Comparison,positive,589,3,Chart doesnot contain labels for different mark types used Chart uses dual axis making difficult to interpret the takeaway message shared axis makes it easy to compart across charts,Labels-Titles-Legend-Scale,negative
594,1845,4,"The visualization is clear good for comparison,",Aesthetics-Clarity-Comparison,positive,592,4,The chart does not contain labels for marks used,Labels-Titles-Legend-Scale,negative
