reason_id_x,image_id,rating_x,reason_useful,usefulness_x,feature_x,reason_id_y,rating_y,reason_not_useful,usefulness_y,feature_y,caption,expertise_useful,expertise_not_useful
16,324,5,Caption summarizes the main trend,useful,Clear and Good Quality,17,5,the caption can do better at explaining the trend,not_useful,Observed Pattern Not Explained,"Figure 9.17: Simple model results: Temperature change (a) from 1990 to 2100 and (b) from 1990 to 2350, resulting from the five WRE 
stabilisation profiles, using the simple climate model tuned to different AOGCMs as indicated on the bottom axis. (c) and (d) show the 
corresponding results for the four S profiles. The underlying assumptions are the same as those for Figure 9.15. For comparison, temperature
changes for the base scenario A1B are also shown in (a) and (c). ",ug,
22,337,5,Detailed caption that provides the main key takeaway,useful,**Clear and Good Quality**,623,2,Caption is too long,not_useful,"""Detailed but Overloaded with Information""","Figure 5.2 Cumulative emissions reductions for alternative mitigation measures for 2000-2030 (left-hand panel) and for 2000-2100 (right-hand panel). The
figure shows illustrative scenarios from four models (AIM, IMAGE, IPAC and MESSAGE) aiming at the stabilisation at low (490 to 540ppm CO2-eq) and
intermediate levels (650ppm CO2-eq) respectively. Dark bars denote reductions for a target of 650ppm CO2-eq and light bars denote the additional reduc-
tions to achieve 490 to 540ppm CO2-eq. Note that some models do not consider mitigation through forest sink enhancement (AIM and IPAC) or CCS (AIM)
and that the share of low-carbon energy options in total energy supply is also determined by inclusion of these options in the baseline. CCS includes CO2
capture and storage from biomass. Forest sinks include reducing emissions from deforestation. The figure shows emissions reductions from baseline
scenarios with cumulative emissions between 6000 to 7000 GtCO2-eq (2000-2100). {WGIII Figure SPM.9}",,
28,436,5,detailed caption that includes the symbols and lines (shown in chart) Clear representations with detailed caption that includes the symbols,useful,"""Detailed and Informative""",30,2,"The chart and caption does not mention about the extra dots between the years, where caption specifies it as annual mean, but not clear",not_useful,Insufficient or Unclear Description,"Figure 4.9. Summer minimum arctic sea ice extent from 1979 to 2005. Symbols 
indicate annual mean values while the smooth blue curve shows decadal variations 
(see Appendix 3.A). The dashed line indicates the linear trend, which is -60 +- 
20 x 103 km2 yr-1, or approximately -7.4% per decade (updated from Comiso, 
2002).",,phd
52,920,5,caption summarizes the main trend,useful,"""Clear and Good Quality""",54,1,The caption does not mention the goal of the chart/ takeaway. It mentions what is mentioned in the charts,not_useful,"""Missing or Unclear Takeaway Message""","Figure 9.6 | Energy imports as the share of total primary energy consumption (%) for coal (hard coal and lignite), crude oil and natural gas for selected world regions in 2008. Negative 
values denote net exporters of energy carriers. Based on BGR (2009).",,phd
70,1277,5,the caption provides good details to interpret the graph,useful,Detailed and Informative,72,2,"Require caption just to read the y-axis label, there are no clear takeaway mentioned",not_useful,"""Insufficient or Unclear Description""","Figure 7.24 | Global primary energy supply of wind energy in long-term scenarios 
(median, 25th to 75th percentile range, and full range of scenario results; colour coding is 
based on categories of atmospheric CO2 concentration level in 2100; the specifi c number 
of scenarios underlying the fi gure is indicated in the right upper corner) (adapted from 
Krey and Clarke, 2011; see also Chapter 10).",,phd
79,1303,5,The captions explains the main trend and the graph is easy to interpret The captions explains the main trend,useful,**Clear and Good Quality**,696,4,"The main takeaway is missing in the caption, so it does not help in the interpretation of the that much",not_useful,Missing or Unclear Takeaway Message,"Figure 5.19: Co-benefits from different mitigation measures in Santiago de Chile
Note: toll is applied for cars/busses to enter downtown area or inside the 
Americo Vespucio ring around the city.",,
90,1712,4,"Caption provides useful context about the data and methodology, it is somewhat dense and does not clearly summarize the main takeaway.",useful,"""Missing or Unclear Takeaway Message""",718,3,The caption does not contain context necessary to understand the trend observed. Caption does not describe the trend,not_useful,"""Insufficient or Unclear Description""","Figure 13.2: Ocean heat content changes from 1960 to 2015 for different ocean basins for 0 to 2,000 m depths. Time 
series is relative to the 1997-1999 base period and smoothed by a 12-month running filter by Cheng et al.6 The curves 
are additive, and the ocean heat content changes in different ocean basins are shaded in different colors (Figure 
source: Cheng et al. 20176).",phd,
103,1839,5,The caption also provides detailed context about the source data,useful,Detailed and Informative,105,4,Caption represent some details but not fully summarize the trend,not_useful,Insufficient or Unclear Description,"Figure 7.5. The difference between CO2 concentration in the NH and SH (y axis), 
computed as the difference between annual mean concentrations (ppm) at Mauna 
Loa and the South Pole (Keeling and Whorf, 2005, updated), compared with annual 
fossil fuel emissions (x axis; GtC; Marland, et al., 2006), with a line showing the best 
fi t. The observations show that the north-south difference in CO2 increases propor-
tionally with fossil fuel use, verifying the global impact of human-caused emissions.",,
109,2062,5,"Although the caption is long, it expands on each of the studies making it easier to understand the main takeaway",useful,Detailed but Overloaded with Information,111,3,caption does mention the terms it does not mention any takeaway message,not_useful,Missing or Unclear Takeaway Message,"Figure 2.9. Calculated RF due to tropospheric ozone change since pre-industrial time based on 
CTM and GCM model simulations published since the TAR. Estimates with GCMs including the effect 
of climate change since 1750 are given by orange bars (Adjusted RF, CC). Studies denoted with an 
(*) give only the instantaneous RF in the original publications. Stratospheric-adjusted RFs for these 
are estimated by reducing the instantaneous RF (indicated by the dashed bars) by 20%. The instan-
taneous RF from Mickley et al. (2001) is reported as an adjusted RF in Gauss et al. (2006). ACCENT 
models include ULAQ: University of L'Aquila; DLR_E39C: Deutsches Zentrum fur Luft- und Raumfahrt 
European Centre Hamburg Model; NCAR_MACCM: National Center for Atmospheric Research Middle 
Atmosphere Community Climate Model; CHASER: Chemical Atmospheric GCM for Study of Atmo-
spheric Environment and Radiative Forcing; STOCHEM_HadGEM1: United Kingdom Meteorological 
Offi ce global atmospheric chemistry model /Hadley Centre Global Environmental Model 1; UM_CAM: 
United Kingdom Meteorological Offi ce Unifi ed Model GCM with Cambridge University chemistry; 
STOCHEM_HadAM3: United Kingdom Meteorological Offi ce global atmospheric chemistry model/
Hadley Centre Atmospheric Model; LMDzT-INCA: Laboratoire de Meteorologie Dynamique GCM-
INteraction with Chemistry and Aerosols; UIO_CTM2: University of Oslo CTM; FRSGC_UCI: Frontier 
Research System for Global Change/University of California at Irvine CTM.",,
130,317,4,The caption provides details information about the chart,useful,Detailed and Informative,132,3,"The caption only explains about the labels inside the chart, but it is not clearly stating the trend and what should be interpreted.",not_useful,Insufficient or Unclear Description,"Figure 2.6: Time evolution in effective radiative forcings (ERFs) across the industrial era for anthropogenic and natural 
forcing mechanisms. The terms contributing to cumulative totals of positive and negative ERF are shown with colored 
regions. The terms are labeled in order on the right-hand side with positive ERFs above the zero line and negative 
ERFs below the zero line. The forcings from black-carbon-on-snow and contrail terms are grouped together into a 
single term in the plot. Also shown are the cumulative sum of all forcings (Total; black dashed line) and of anthropo-
genic-only forcings (Total Anthropogenic; red dashed line). Uncertainties in 2011 ERF values are shown in the original 
figure (Myhre et al. 2013,8 Figure 8-18). See the Intergovernmental Panel on Climate Change Fifth Assessment Report 
(IPCC AR5) Supplementary Material Table 8.SM.88for further information on the forcing time evolutions. Forcing num-
bers are provided in Annex II of IPCC AR5. The total anthropogenic forcing was 0.57 (0.29 to 0.85) W/m2 in 1950, 1.25 
(0.64 to 1.86) W/m2 in 1980, and 2.29 (1.13 to 3.33) W/m2 in 2011. (Figure source: Myhre et al. 2013,8 Figure 8-18; (c) 
IPCC, used with permission).",,phd
139,433,4,the caption explains what the different lines mean along with providing detailed information,useful,**Detailed and Informative**,141,3,"The caption provides an explanation about the lines, but does not clearly explain the comparison between the trends.",not_useful,Observed Pattern Not Explained,"Figure 11.5: Time series of annual mean permafrost temperatures (units: degF) at various depths from 39 to 65 feet (12 to 
20 meters) from 1977 through 2015 at several sites across Alaska, including the North Slope continuous permafrost re-
gion (purple/blue/green shades), and the discontinuous permafrost (orange/pink/red shades) in Alaska and northwest-
ern Canada. Solid lines represent the linear trends drawn to highlight that permafrost temperatures are warming faster 
in the colder, coastal permafrost regions than the warmer interior regions. (Figure Source: adapted from Romanovsky 
et al. 2016;175 (c) American Meteorological Society, used with permission.)",,phd
145,491,4,Caption provides a good explanation for what the dots mean. Caption provides a good explanation for what the dots mean. The use of labels helps in understanding the main takeaways,useful,**Clear and Good Quality**,632,4,observed trend is not explained in the caption,not_useful,Observed Pattern Not Explained,"Figure 13.4: Trends in surface (< 50 m) ocean carbonate chemistry calculated from observations obtained at the 
Hawai'i Ocean Time-series (HOT) Program in the North Pacific over 1988-2015. The upper panel shows the linked 
increase in atmospheric (red points) and seawater (blue points) CO2 concentrations. The bottom panel shows a de-
cline in seawater pH (black points, primary y-axis) and carbonate ion concentration (green points, secondary y-axis). 
Ocean chemistry data were obtained from the Hawai'i Ocean Time-series Data Organization & Graphical System 
(HOT-DOGS, http://hahana.soest.hawaii.edu/hot/hot-dogs/index.html). (Figure source: NOAA).",,phd
164,736,4,"The caption describes the graphs well,",useful,Clear and Good Quality,649,3,The caption talks in detailed regarding the simulation scenarios but the main takeaway is missing,not_useful,"""Missing or Unclear Takeaway Message""","Figure 5.7 Radial simulations of CO2 injection into a homogeneous formation 100 m thick, at a depth of 1 km, where the pressure is 10 MPa and 
the temperature is 40degC. The injection rate is 1 MtCO2 yr-1 for 20 years, the horizontal permeability is 10 -13 m2 (approximately 100 mD) and the 
vertical permeability is one-tenth of that. The residual CO2 saturation is 20%. The first three parts of the figure at 2, 20 and 200 years, show the 
gas saturation in the porous medium; the second three parts of the figure at 200, 2000 and 4000 years, show the mass fraction of dissolved CO2 
in the aqueous phase (after Ennis-King and Paterson, 2003).",,phd
172,904,4,Detailed caption. the captions helps with the interpretation. the captions helps with the interpretation,useful,"""Detailed and Informative""",174,3,caption does not summarize main trend,not_useful,Observed Pattern Not Explained,"Figure 6.15 Estimated volume of pH perturbations at global scale for hypothetical examples in which injection of CO2 into the ocean interior 
provides 100% or 10% of the mitigation effort needed to move from a logistic emissions curve cumulatively releasing 18,000 GtCO2 (=5000 
GtC) to emissions consistent with atmospheric CO2 stabilization at 550 ppm according to the WRE550 pathway (Wigley et al., 1996). The curves 
show the simulated fraction of ocean volume with a pH reduction greater than the amount shown on the horizontal axis. For the 10% case, in year 
2100, injection rates are high and about1% of the ocean volume has significant pH reductions; in year 2300, injection rates are low, but previously 
injected CO2 has decreased ocean pH by about 0.1 unit below the value produced by a WRE550 atmospheric CO2 pathway in the absence of CO2 
release directly to the ocean (Caldeira and Wickett, 2005).",,phd
175,1006,4,Clear context with color-coded regions,useful,"""Clear and Good Quality""",176,2,"The caption should explain the trend better,",not_useful,Observed Pattern Not Explained,"Figure 19.1. Probability (see 'Key caveat' above on low confidence for specific quantitatitive results) of exceeding an equilibrium global warming of
2degC above pre-industrial (1.4degC above 1990 levels), for a range of CO2-equivalent stabilisation levels. Source: Hare and Meinshausen (2005).",,
187,1428,4,The caption provides enough information to interpret the graph,useful,"""Clear and Good Quality""",189,1,"The caption does not have any information only references,",not_useful,"""Insufficient or Unclear Description""","Figure 9.9 | Illustrative ranges in lifecycle GHG emissions of petroleum fuels, fi rst-generation biofuels and selected next-generation lignocellulosic biofuels without considering land 
use change. (Sources for estimates plotted: Wu et al., 2005; Fleming et al., 2006; Hill et al., 2006, 2009; Beer et al., 2007; Wang et al., 2007; CONCAWE, 2008; Macedo and Seabra, 
2008; NETL, 2008, 2009; CARB, 2009; Hoefnagels et al., 2010; Hsu et al., 2010; Kaliyan et al., 2010; Larson et al., 2010; Neely et al 2010). Note: FTD = Fischer-Tropsch diesel; RD = 
Renewable diesel (RD is different from biodiesel in processing and product properties). For common feedstock and fuel categories shown in both Figure 2.10 and above (e.g., sugarcane 
ethanol, FTD), the references cited and the ranges of GHG emission estimates are identical.",,
193,1499,4,The caption summarizes the key trend,useful,**Clear and Good Quality**,195,4,"The black lines are not fully mentioned in caption, but could be infered as error lines",not_useful,Insufficient or Unclear Description,"Figure 10.2: Anthropogenic radiative forcing (RF) contributions, separated by land-use and land-cover change (LUL-
CC) and non-LULCC sources (green and maroon bars, respectively), are decomposed by atmospheric constituent to 
year 2010 in this diagram, using the year 1850 as the reference. Total anthropogenic RF contributions by atmospheric 
constituent4 (see also Figure 2.3) are shown for comparison (yellow bars). Error bars represent uncertainties for total 
anthropogenic RF (yellow bars) and for the LULCC components (green bars).5 The SUM bars indicate the net RF when 
all anthropogenic forcing agents are combined. (Figure source: Ward et al. 20145).",,
214,1755,4,the caption provides thorough information about each panel which is informative,useful,Detailed and Informative,216,3,The caption is lengthy and does not clearly summarize main takeaway or maybe highlight the important trend.,not_useful,Missing or Unclear Takeaway Message,"Figure 13.1: Example of the stages in the formation of a simple
climate scenario for temperature using Poza Rica (20.3deg N, 97.3deg W) as
a typical site used in the Mexican part of the Rosenzweig and Parry
(1994) study.
(a) Mean monthly differences () (2xCO2 minus control) of average
temperature (degC) as calculated from the control and 2xCO2 runs of the
Geophysical Fluid Dynamics Laboratory (GFDL) GCM (Manabe and
Wetherald, 1987) for the model grid box that includes the geographic
location of Poza Rica. The climate model spatial resolution is 4.4deg
latitude by 7.5deg longitude.
(b) The average 17-year (1973 to 1989) observed mean monthly
maximum temperature for Poza Rica (solid line) and the 2xCO2 mean
monthly maximum temperature produced by adding the differences
portrayed in (a) to this baseline (dashed line). The crop models,
however, require daily climate data for input.
(c) A sample of one year's (1975) observed daily maximum tempera-
ture data (solid line) and the 2xCO2 daily values created by adding the
monthly differences in a) to the daily data (dashed line). Thus, the
dashed line is the actual daily maximum temperature time-series
describing future climate that was used as one of the weather inputs to
the crop models for this study and for this location (see Liverman et al.,
1994 for further details).",,phd
223,1790,4,The caption provides thorough information about the scenarios and error bars The caption provides thorough information about the scenarios,useful,**Detailed and Informative**,225,4,The caption is dense and does not fully summarize the main takeaway.,not_useful,"""Missing or Unclear Takeaway Message""","Figure 7.6: Regional extreme precipitation event frequency for a lower scenario (RCP4.5) (green; 16 CMIP5 models) 
and the higher scenario (RCP8.5) (blue; 14 CMIP5 models) for a 2-day duration and 5-year return. Calculated for 
2006-2100 but decadal anomalies begin in 2011. Error bars are +-1 standard deviation; standard deviation is calculated 
from the 14 or 16 model values that represent the aggregated average over the regions, over the decades, and over 
the ensemble members of each model. The average frequency for the historical reference period is 0.2 by definition and 
the values in this graph should be interpreted with respect to a comparison with this historical average value. (Figure 
source: Janssen et al. 201458). ",,phd
226,1861,4,The caption makes it easy to understand the main key takeaway,useful,Clear and Good Quality,228,3,The caption is lengthy but does not fully summarize the trend,not_useful,**Missing or Unclear Takeaway Message**,"Figure 3.22. Annual total land (excluding the USA and Canada) cloud cover (black) 
and precipitation (red) anomalies from 1976 to 2003 over global (60degS-75degN), NH 
and SH regions, with the correlation coeffi cient (r) shown at the top. The cloud cover 
is derived by gridding and area-averaging synoptic observations and the precipitation 
is updated from Chen et al. (2002). Typical 5 to 95% error bars for each decade are 
estimates using inter-grid-box variations (from Dai et al., 2006).",,
232,1894,4,The caption is informative and provides necessary context The caption is informative provides necessary context,useful,"""Detailed and Informative""",739,2,caption does not summarize the visualization,not_useful,"""Insufficient or Unclear Description""","Figure 6.25 Preliminary investigations into the change of bacteria, 
nanobenthos and meiobenthos abundance after exposure to 20,000 
and 5,000 ppm CO2 for 77 to 375 hr during three experiments carried 
out at 2,000 m depth in Nankai Trough, north-western Pacific. Error 
bars represent one standard deviation (Ishida et al. 2005).",,
241,1947,4,"The caption provides context about the data sources, scenarios, and an explanation of the main trends. It is long and informative, but adds complexity to the interpretation. The caption provides context about the data sources, scenarios, an explanation of the main trends Despite the detailed context, the visual clarity makes the charts somewhat interpretable",useful,Detailed but Overloaded with Information,243,3,There are many details in caption I did not find any clear takeaway,not_useful,"""Missing or Unclear Takeaway Message""","Figure 10.18. Changes in extremes based on multi-model simulations from nine global coupled climate models, adapted from Tebaldi et al. (2006). (a) Globally averaged 
changes in precipitation intensity (defi ned as the annual total precipitation divided by the number of wet days) for a low (SRES B1), middle (SRES A1B) and high (SRES A2) 
scenario. (b) Changes in spatial patterns of simulated precipitation intensity between two 20-year means (2080-2099 minus 1980-1999) for the A1B scenario. (c) Globally aver-
aged changes in dry days (defi ned as the annual maximum number of consecutive dry days). (d) Changes in spatial patterns of simulated dry days between two 20-year means 
(2080-2099 minus 1980-1999) for the A1B scenario. Solid lines in (a) and (c) are the 10-year smoothed multi-model ensemble means; the envelope indicates the ensemble 
mean standard deviation. Stippling in (b) and (d) denotes areas where at least fi ve of the nine models concur in determining that the change is statistically signifi cant. Extreme 
indices are calculated only over land following Frich et al. (2002). Each model's time series was centred on its 1980 to 1999 average and normalised (rescaled) by its standard 
deviation computed (after de-trending) over the period 1960 to 2099. The models were then aggregated into an ensemble average, both at the global and at the grid-box level. 
Thus, changes are given in units of standard deviations.",,
244,1979,4,The caption provides more information about the chart which makes it somewhat interpretable,useful,**Missing or Unclear Takeaway Message**,246,3,"caption does not contain any clear takeaway, it mentions some trends and relationships, but no clear summary",not_useful,Missing or Unclear Takeaway Message,"Figure 4.12: July zonal mean increase in tropospheric O3 (ppb) as a function of latitude and altitude from Y2000 to Y2100 adopting SRES A2p
projections for CH4, CO, VOC, and NOx. Results are shown for a sample of the chemistry-transport models (CTM) participating in IPCC
OxComp workshop. Increases range from 0 to more than 80 ppb. Changes in the stratosphere (defined as O3 > 150 ppb in that model's Y2000
simulation) are masked off, as are also regions in the upper troposphere for some CTMs (UKMO, HGIS) where O3 is not explicitly calculated.
See Table 4.10 for participating models.",,
253,2054,4,"The caption is informative, it also has some unnecessary information that might not be needed to interpret the charts",useful,**Detailed but Overloaded with Information**,254,5,the caption can be better,not_useful,Insufficient or Unclear Description,"Figure 12.3: (a) Contributions of ocean mass changes from land ice and land water storage (measured by satellite 
gravimetry) and ocean volume changes (or steric, primarily from thermal expansion measured by in situ ocean profilers) 
and their comparison to global mean sea level (GMSL) change (measured by satellite altimetry) since 1993. (b) An 
estimate of modeled GMSL rise in the absence of 20th century warming (blue), from the same model with observed 
warming (red), and compared to observed GMSL change (black). Heavy/light shading indicates the 17th-83rd and 
5th-95th percentiles. (c) Rates of change from 1993 to 2015 in sea surface height from satellite altimetry data; updated 
from Kopp et al.3 using data updated from Church and White.34 (Figure source: (a) adapted and updated from Leuliette 
and Nerem 2016,40 (b) adapted from Kopp et al. 201632 and (c) adapted and updated from Kopp et al. 20153).",,
271,2213,4,The caption provides thorough context about the data sources and the variables shown in each panel. The detailed context also might take time to interpret The caption provides thorough context about the data sources The detailed context also might take time to interpret,useful,Detailed but Overloaded with Information,273,3,"The caption mentions about the calculations that are used to prepare the subcharts, but no takeaway",not_useful,"""Missing or Unclear Takeaway Message""","Figure 3.31. Normalised indices (units of standard deviation) of the mean winter 
(December-March) NAO developed from sea level pressure data. In the top panel, 
the index is based on the difference of normalised sea level pressure between 
Lisbon, Portugal and Stykkisholmur/Reykjavik, Iceland from 1864 to 2005. The aver-
age winter sea level pressure data at each station were normalised by dividing each 
seasonal pressure anomaly by the long-term (1864 to 1983) standard deviation. In 
the middle panel, the index is the principal component time series of the leading EOF 
of Atlantic-sector sea level pressure. In the lower panel, the index is the principal 
component time series of the leading EOF of NH sea level pressure. The smooth 
black curves show decadal variations (see Appendix 3.A). The individual bar corre-
sponds to the January of the winter season (e.g., 1990 is the winter of 1989/1990). 
Updated from Hurrell et al. (2003); see http://www.cgd.ucar.edu/cas/jhurrell/indices.
html for updated time series.",,phd
277,2223,4,The overall presentation is somewhat interpretable with the given context found in the caption,useful,Clear and Good Quality,279,4,"The caption is lengthy and provides the methodology, but is not able to clearly summarize the main trend",not_useful,**Missing or Unclear Takeaway Message**,"Figure 9.13. Change in risk of mean European summer temperatures exceeding 
a threshold of 1.6degC above 1961 to 1990 mean temperatures, a threshold that was 
exceeded in 2003 but in no other year since the start of the instrumental record in 
1851. (Top) Frequency histograms of the estimated likelihood of the risk (probability) 
of exceeding a 1.6degC threshold (relative to the 1961-1990 mean) in the 1990s in the 
presence (red curve) and absence (green curve) of anthropogenic change, expressed 
as an occurrence rate. (Bottom) Fraction of attributable risk (FAR). The vertical line 
indicates the 'best estimate' FAR, the mean risk attributable to anthropogenic factors 
averaged over the distribution. The alternation between grey and white bands 
indicates the deciles of the estimated FAR distribution. The shift from the green to 
the red distribution in (a) implies a FAR distribution with mean 0.75, corresponding to 
a four-fold increase in the risk of such an event (b). From Stott et al. (2004). ",,phd
286,297,3,"There is no visual clutter, the caption provides a summary of the key trends",useful,**Clear and Good Quality**,617,4,caption does not explain the trend,not_useful,Observed Pattern Not Explained,"Figure 9.30: Storm track activity averaged over north-west Europe
(6oW to 20oE, 40o to 70oN) in the ECHAM4/OPYC greenhouse gas
scenario run (Unit: gpm). A 4-year running mean is shown for smoother
display. The grey band indicates the variability of this index in the
control run as measured by one standard deviation. The non-linear
climate trend optimally obtained from quadratic curve fitting is marked
by the dashed line; y-axis is activity in gpm (geopotential metres) and
x-axis is time in calendar years. From Ulbrich and Christoph (1999).",,phd
292,494,3,detailed caption highlights what the chart shows,useful,Detailed and Informative,634,2,caption has too much information,not_useful,"""Detailed but Overloaded with Information""","Figure 2.24 | Overview of land-use change transitions in 2030 and 2050, relative to 2010 based on pathways based on the Shared Socio-Economic Pathways (SSPs) (Popp et 
al., 2017; Riahi et al., 2017; Rogelj et al., 2018). Grey: no-climate-policy baseline; green: 2.6 W m-2 pathways; blue: 1.9 W m-2 pathways. Pink: 1.9 W m-2 pathways grouped per 
underlying socio-economic assumption (from left to right: SSP1 sustainability, SSP2 middle-of-the-road, SSP5 fossil-fuelled development). Ranges show the minimum-maximum 
range across the SSPs. Single pathways are shown with plus signs. Illustrative archetype pathways are highlighted with distinct icons. Each panel shows the changes for a different 
land type. The 1.9 and 2.6 W m-2 pathways are taken as proxies for 1.5degC and 2degC pathways, respectively. The 2.6 W m-2 pathways are mostly consistent with the Lower-2degC and 
Higher-2degC pathway classes. The 1.9 W m-2 pathways are consistent with the 1.5degC-low-OS (mostly SSP1 and SSP2) and 1.5degC-high-OS (SSP5) pathway classes. In 2010, pasture 
was estimated to cover about 3-3.5 103 Mha, food and feed crops about 1.5-1.6 103 Mha, energy crops about 0-14 Mha and forest about 3.7-4.2 103 Mha, across the models 
that reported SSP pathways (Popp et al., 2017). When considering pathways limiting warming to 1.5degC with no or limited overshoot, the full set of scenarios shows a conversion 
of 50-1100 Mha of pasture into 0-600 Mha for energy crops, a 200 Mha reduction to 950 Mha increase forest, and a 400 Mha decrease to a 250 Mha increase in non-pasture 
agricultural land for food and feed crops by 2050 relative to 2010. The large range across the literature and the understanding of the variations across models and assumptions 
leads to medium confidence in the size of these ranges.",,
307,1439,3,"While the legend and the caption provide the needed context, the multiple data points and lines can be a little confusing to interpret at first glance the caption provide the needed context, the multiple data points",useful,Insufficient or Unclear Description,308,5,the caption can be better,not_useful,Insufficient or Unclear Description,"Figure 8.7: Global agricultural mitigation potential in 2030 from top-down models 
by carbon price and stabilisation target
Note: Dashed lines connect results from scenarios where tighter stabilization 
targets were modelled with the same model and identical baseline characteriza-
tion and mitigation technologies. From Chapter 3, Sections 3.3.5 and 3.6.2. 
Source: Data assembled from USCCSP, 2006; Rose et al., 2007; Fawcett and Sands, 2006; Smith 
and Wigley, 2006; Fujino et al., 2006; Kemfert et al., 2006.",,
323,758,2,"The caption explains the graph labels well,",useful,Clear and Good Quality,651,3,the caption is monotonous,not_useful,Insufficient or Unclear Description,"Figure 2.16 | Electricity generation for the four illustrative pathway archetypes plus the IEA's Faster Transition Scenario (IEA, 2017d) (panel a), and their 
relative location in the ranges for pathways limiting warming to 1.5degC with no or limited overshoot (panel b). The category 'Other renewables' includes electricity 
generation not covered by the other categories, for example, hydro and geothermal. The number of pathways that have higher primary energy than the scale in the bottom panel 
are indicated by the numbers above the whiskers. Black horizontal dashed lines indicate the level of primary energy supply in 2015 (IEA, 2017e). Box plots in the lower panel show 
the minimum-maximum range (whiskers), interquartile range (box), and median (vertical thin black line). Symbols in the lower panel show the four pathway archetypes - S1 (white 
square), S2 (yellow square), S5 (black square), LED (white disc) - as well as the IEA's Faster Transition Scenario (red disc). Pathways with no or limited overshoot included the Below-
1.5degC and 1.5degC-low-OS classes. ",,
334,1100,2,The caption is detailed which helps in understanding the graph's context,useful,Detailed and Informative,675,3,Caption is too big,not_useful,Insufficient or Unclear Description,"Figure 5.4 | Investment into mitigation up until 2030 and implications for 
investments for four sustainable development dimensions. Cross-hatched bars show 
the median investment in 1.5degC pathways across results from different models, and 
solid bars for 2degC pathways, respectively. Whiskers on bars represent minima and 
maxima across estimates from six models. Clean water and air pollution investments 
are available only from one model. Mitigation investments show the change in 
investments across mitigation options compared to the baseline. Negative mitigation 
investments (grey bars) denote disinvestment (reduced investment needs) into 
fossil fuel sectors compared to the baseline. Investments for different sustainable 
development dimensions denote the investment needs for complementary measures 
in order to avoid trade-offs (negative impacts) of mitigation. Negative sustainable 
development investments for air pollution indicate cost savings, and thus synergies 
of mitigation for air pollution control costs. The values compare to about 2 trillion 
USD2010 (range of 1.4 to 3 trillion) of total energy-related investments in the 1.5degC 
pathways. Source: Estimates from CD-LINKS scenarios summarised by McCollum et 
al., 2018b.",,phd
337,1112,2,The detailed caption makes it a little easier to understand the potential economic growth over time,useful,"""Clear and Good Quality""",338,1,"The caption doesn't explain the graph well,",not_useful,"""Insufficient or Unclear Description""","Figure 3.2: Comparison of GDP projections in post-SRES emissions scenarios 
with those used in previous scenarios. The median of the new scenarios is about 7% 
below the median of the pre-SRES and SRES scenario literature. The two vertical 
bars on the right extend from the minimum to maximum of the distribution of 
scenarios by 2100. The horizontal bars indicate the 5th, 25th, 50th, 75th and the 95th 
percentiles of the distributions.",,
352,1615,2,The caption provides context about the factors,useful,Detailed and Informative,712,3,"The caption surely augments the , but the problem is it does not describe the trend or provide an explanation for that",not_useful,Observed Pattern Not Explained,"Figure 3.3: Estimates of the contributions of several forcing factors and internal variability to global mean temperature 
change since 1870, based on an empirical approach using multiple linear regression and energy balance models. The 
top panel shows global temperature anomalies (degF) from the observations62 in black with the multiple linear regression 
result in red (1901-1960 base period). The lower four panels show the estimated contribution to global mean temperature 
anomalies from four factors: solar variability; volcanic eruptions; internal variability related to El Nino/Southern Oscillation; 
and anthropogenic forcing. The anthropogenic contribution includes a warming component from greenhouse gases con-
centrations and a cooling component from anthropogenic aerosols. (Figure source: adapted from Canty et al.16).",,
370,1838,2,"The caption provides a detailed description of the each panel,",useful,Detailed and Informative,735,2,the caption does not describe the trends or compare the three models,not_useful,Insufficient or Unclear Description,"Figure 2.8. Estimates used to evaluate trends in weighted global average OH concentrations. (A) and (B): comparison of 1980 to 1999 OH anomalies (relative to their long-
term means) inferred by Bousquet et al. (2005), Prinn et al. (2001) and Krol et al. (2003) from AGAGE methyl chloroform observations, and by Bousquet et al. (2005) when methyl 
chloroform emissions as well as OH are inferred; error bars for Bousquet et al. (2005) refer to 1 standard deviation inversion errors while yellow areas refer to the envelope of 
their 18 OH inversions. (C) OH concentrations for 1979 to 2003 inferred by Prinn et al. (2005a) (utilising industry emissions corrected using recent methyl chloroform observa-
tions), showing the recovery of 2003 OH levels to 1979 levels; also shown are results assuming uncorrected emissions and estimates of recent oceanic re-emissions. Error bars 
in Prinn et al. (2001, 2005a) are 1 standard deviation and include inversion, model, emission and calibration errors from large Monte Carlo ensembles (see Section 2.3.5 for 
details and references).",,
388,2262,2,"The caption provided gives detailed context about the data sources,",useful,Detailed and Informative,390,2,require a takeaway message not mentioned in the caption,not_useful,"""Missing or Unclear Takeaway Message""","Figure 10.20. (a) 21st-century atmospheric CO2 concentration as simulated by the 
11 C4MIP models for the SRES A2 emission scenario (red) compared with the stan-
dard atmospheric CO2 concentration used as a forcing for many IPCC AR4 climate 
models (black). The standard CO2 concentration values were calculated by the BERN-
CC model and are identical to those used in the TAR. For some IPCC-AR4 models, 
different carbon cycle models were used to convert carbon emissions to atmospheric 
concentrations. (b) Globally averaged surface temperature change (relative to 2000) 
simulated by the C4MIP models forced by CO2 emissions (red) compared to global 
warming simulated by the IPCC AR4 models forced by CO2 concentration (black). The 
C4MIP global temperature change has been corrected to account for the non-CO2 
radiative forcing used by the standard IPCC AR4 climate models. ",,
398,2327,4,the caption should explain the trend,useful,"""Observed Pattern Not Explained""",399,4,"The caption mentions how the charts are related to each other, but not fully mention the clear takeaway message",not_useful,**Missing or Unclear Takeaway Message**,"Figure 10.21. (a) Atmospheric CO2 stabilisation scenarios SP1000 (red), SP750 
(blue), SP550 (green) and SP450 (black). (b) Compatible annual emissions calculated 
by three models, the Hadley simple model (Jones et al., 2006; solid), the UVic EMIC 
(Matthews, 2005; dashed) and the BERN2.5CC EMIC (Joos et al., 2001; Plattner et 
al., 2001; triangles) for the three stabilisation scenarios without accounting for the 
impact of climate on the carbon cycle (see Table 8.3 for details of the latter two 
models). (c) As for (b) but with the climate impact on the carbon cycle accounted 
for. (d) The difference between (b) and (c) showing the impact of the climate-carbon 
cycle feedback on the calculation of compatible emissions. ",,phd
421,1087,1,While the caption explains the context,useful,Clear and Good Quality,423,1,caption is not in sync with the chart,not_useful,Insufficient or Unclear Description,"Figure 5.13. Annual averages of the global mean sea level (mm). The red curve shows reconstructed 
sea level fi elds since 1870 (updated from Church and White, 2006); the blue curve shows coastal tide 
gauge measurements since 1950 (from Holgate and Woodworth, 2004) and the black curve is based 
on satellite altimetry (Leuliette et al., 2004). The red and blue curves are deviations from their averages 
for 1961 to 1990, and the black curve is the deviation from the average of the red curve for the period 
1993 to 2001. Error bars show 90% confi dence intervals. ",,
430,1178,1,While the caption provides detailed context,useful,Detailed and Informative,431,2,"The caption can better explain the trend,",not_useful,Observed Pattern Not Explained,"Figure 2.28: Reconstructions since 1700 of proxy-based ENSO
indices. Shown are the Northern Hemisphere cold-season (Oct-Mar)
mean NINO 3 index of Mann et al. (2000a) and the Northern
Hemisphere winter SOI index of Stahle et al. (1998). The SOI series is
scaled to have the same standard deviation as the NINO 3 index, and is
reversed in sign to be positively correlated with the NINO 3 series. An
instrumental NINO 3 index from 1871 to 2000 is shown for compar-
ison (Rayner et al., 2000; see also Figure 2.29), with two standard
error limits (grey shaded) of the proxy NINO 3 reconstruction.",,
433,1192,1,While the caption provides details context,useful,Detailed and Informative,435,3,"The caption mentioned about the terms in graph like N, N bar but the obvious trend is not explained",not_useful,Observed Pattern Not Explained,"Figure 10.17: Similarity of time mean precipitation distributions
obtained in a continuous RCM simulation and through statistical-
dynamical downscaling (SDD) for different levels of disaggregation.
Black line: mean absolute error (mm/day), grey line: spatial correlation
coefficient. Horizontal axis: computational load of SDD. N is the
number of days simulated in SDD, N the number of days simulated
with the continuous RCM simulation.",,phd
487,2141,3,Caption clearly states the takeaway message and summarizes the observed patterns in the graph making it highly interpretable,useful,**Clear and Good Quality**,489,2,"Though the caption does mention some trends, but there are no clear comparison or takeaway message which can be drawn from caption",not_useful,"""Missing or Unclear Takeaway Message""","Figure 1.9: Proxy temperatures reconstructions for the seven regions of the PAGES 2k Network. Temperature anom-
alies are relative to the 1961-1990 reference period. If this graph were plotted relative to 1901-1960 instead of 1961-
1990, the temperature changes would 0.47degF (0.26degC) higher. Gray lines around expected-value estimates indicate 
uncertainty ranges as defined by each regional group (see PAGE 2k Consortium9 and related Supplementary Informa-
tion). Note that the changes in temperature over the last century tend to occur at a much faster rate than found in the 
previous time periods. The teal values are from the HadCRUT4 surface observation record for land and ocean for the 
1800s to 2000.202 (Figure source: adapted from PAGES 2k Consortium 20139).",,
493,2354,4,Caption clearly concludes the takeaway message,useful,**Clear and Good Quality**,495,3,"The caption does provide methodology, but does not explain the takeaway message.",not_useful,"""Missing or Unclear Takeaway Message""","Figure 2.23. Globally and annually averaged temporal evolution of the instan-
taneous all-sky RF (top panel) and surface forcing (bottom panel) due to various 
agents, as simulated in the MIROC+SPRINTARS model (Nozawa et al., 2005; 
Takemura et al., 2005). This is an illustrative example of the forcings as implemented 
and computed in one of the climate models participating in the AR4. Note that there 
could be differences in the RFs among models. Most models simulate roughly similar 
evolution of the LLGHGs' RF.",,
496,2251,1,Caption provides important information. chart legend is repeated in the caption which is distracting,useful,Insufficient or Unclear Description,497,1,Caption provides important information but chart legend is repeated in the caption which is distracting.,not_useful,"""Insufficient or Unclear Description""","Figure 4.14: Atmospheric composition and properties predicted using the six SRES Marker-Illustrative scenarios for anthropogenic emissions:
A1B (green dashed line), A1T (yellow dash-dotted), A1FI (orange dash-dot-dotted), A2 (red solid), B1 (cyan dashed), B2 (solid dark blue).
Abundances prior to year 2000 are taken from observations, and the IS92a scenario computed with current methodology is shown for reference
(thin black line). Results are shown for CH4 (ppb), N2O (ppb), tropospheric O3 (DU), HFC-134a (ppt), CF4 (ppt), SF6 (ppt), the lifetime of CH4
(yr), and the global annual mean abundance of tropospheric OH (scaled to year 2000 value). All SRES A1-type scenarios have the same emissions
for HFCs, PFCs, and SF6 (appearing a A1B), but the HFC-134a abundances vary because the tropospheric OH values differ affecting its lifetime.
The IS92a scenario did not include emissions of PFCs and SF6. For details, see chapter text and tables in Appendix II.",,
511,290,4,caption is detailed and explains labels of the chart data used to create the visualization. Caption guides in reading the chart which helps in getting the takeaway message,useful,Detailed and Informative,615,3,the caption is too large,not_useful,Insufficient or Unclear Description,"Figure 3.36: The value of improved technology. 
Note: Modelling studies enable experts to calculate the economic value of technology improvements that increase particularly drastically with increasing stringency of 
stabilization targets (750, 650, 500, and 450 ppmv, respectively) imposed on a reference scenario (modelling after the IS92a scenario in this particular modelling study). 
Detailed model representation of technological interdependencies and competition and substitution is needed for a comprehensive assessment of the economic value 
of technology improvements. Left panel: cost savings (billions of 1996 US$) compared to the reference scenario when lowering the costs of solar photovoltaics (PV) 
from a reference value of 9 US cents per kWh (top) by 1, 3, 4, and 6 cents/kWh, respectively. For instance, the value of reducing PV costs from 9 to 3 cents per kWh 
could amount to up to 1.5 trillion US$ in an illustrative 550 ppmv stabilization scenario compared to the reference scenario in which costs remain at 9 cents/kWh). 
Right panel: cost savings resulting from availability of an ever larger and diversified portfolio of carbon capture and sequestration technologies. For instance, adding 
soil carbon sequestration to the portfolio of carbon capture and sequestration technology options (forest-sector measures were not included in the study) reduces 
costs by 1.1 trillion US$ in an illustrative 450 ppmv stabilization scenario. Removing all carbon capture sequestration technologies would triple the costs of stabilization 
for all concentration levels analyzed. ",,
514,650,5,Caption helps in understanding annotations used in the chart. Caption clearly states the takeaway message provides required context to read the chart,useful,Clear and Good Quality,516,2,The caption does not fully represent the chart,not_useful,Insufficient or Unclear Description,"Figure 8.6: Total technical mitigation potentials (all practices, all GHGs) for each region by 2030 
Note: Boxes show one standard deviation above and below the mean estimate for per-area mitigation potential, and the bars show the 95% confidence interval about 
the mean. Based on the B2 scenario, although the pattern is similar for all SRES scenarios.
Source: Drawn from data in Smith et al., 2007a.",,
550,2117,3,Caption contains context required to understand the visualization Caption explain the chart well Caption does not mention the key takeaway message,useful,"""Missing or Unclear Takeaway Message""",552,1,"caption mentions some terms and time-series chart, no clear takeaway",not_useful,"""Missing or Unclear Takeaway Message""","Figure 9.28: Decadal probability density functions (PDF) of the
ECHAM3/LSG transient greenhouse gas ensemble: each PDF
(greyscale bars) consists of 160 NAO index realisations including the
monthly means of November to February of the four simulations over
one decade. The greyscale background indicates the relative frequency
of the classified NAO indices based on a kernel function (Matyasovszky,
1998). The PDF's width indicates the decadal variability. At the bottom,
the time-series of the decadal mean (solid green line) and the variability
(solid red line) of each PDF as well as the corresponding linear trends
(dashed lines) are shown (from Paeth et al., 1999).",,
553,2163,4,Caption describes the labels and patterns observed which is useful,useful,**Detailed and Informative**,774,3,caption seems a bit long with irrelevant information,not_useful,**Detailed but Overloaded with Information**,"Figure 8.13: Annual mean precipitation changes (mm/yr) over Africa (20degW to 30degE) for the mid-Holocene climate: (upper panel) Biome
distributions (desert, steppe, xerophytic and dry tropical forest/savannah (DTF/S)) as a function of latitude for present (red circles) and 6,000 yr
BP (green triangles), showing that steppe vegetation replaces desert at 6,000 yr BP as far north as 23degN (vertical blue dashed line); (middle panel)
6000 yr BP minus present changes as simulated by the PMIP models. The black hatched lines are estimated upper and lower bounds for the
excess precipitation required to support grassland, based on present climatic limits of desert and grassland taxa in palaeo-ecological records, the
intersection with the blue vertical line indicates that an increase of 200 to 300 mm/yr is required to sustain steppe vegetation at 23degN at 6,000 yr
BP (redrawn from Joussaume et al., 1999); (lower panel) same changes for the IPSL atmosphere-alone (A), i.e., PMIP simulation, the coupled
atmosphere-ocean (OA), the atmosphere-alone with vegetation changes from OA (AV) and the coupled atmosphere-ocean-vegetation (OAV)
simulations performed with the IPSL coupled climate model. The comparison between AV and OAV emphasises the synergism between ocean and
land feedbacks (redrawn from Braconnot et al., 1999).",,
556,2253,4,Caption gives context required to read the visualization Caption does not clearly state the takeaway message,useful,Missing or Unclear Takeaway Message,558,3,caption does not have summary,not_useful,"""Insufficient or Unclear Description""","Figure 8.12: An uncertainty ratio for 10-degree latitude bands; (a)
control simulations; (b) difference between the control and doubled
greenhouse gas simulations. E is evaporation, P is precipitation, Tscr is
screen temperature, cld is the percentage cloud cover and Sn is the net
short-wave radiation at the surface. The units on the Y-axis are
dimensionless. An asterisk means the value is statistically significant at
95% and a diamond at 90% (see Crossley et al., 2000).",,
575,1465,4,The caption clearly mentions the visualization task and describes the labels used in the graph. The caption does not state the takeaway message.,useful,Missing or Unclear Takeaway Message,576,2,No trend is mentioned in the caption,not_useful,Insufficient or Unclear Description,"Figure 8.6: As in the Figure 8.5, for precipitation. The two left-most
columns represent alternate observationally based data sets, 15-year
ECMWF reanalysis ('ECMWF') and NCAR/NCEP reanalysis
('NCEP'), compared with the baseline observations (Xie and Arkin,
1996). From Covey et al. (2000b). ",,
589,2028,3,Caption describes the marks used in the chart Caption explains the relationship between the two axes in the dual axis,useful,"""Detailed and Informative""",591,4,does not clearly state key message directly in the caption,not_useful,"""Missing or Unclear Takeaway Message""","Figure 2.3: Cloud cover (solid line) and DTR (degC, dashed line) for
Europe, USA, Canada, Australia, the former Soviet Union, and eastern
China (from Dai et al., 1997a). Note that the axis for DTR has been
inverted. Therefore, a positive correlation of cloud cover with inverted
DTR indicates a negative cloud cover/DTR correlation.",,
592,1845,4,caption explains statistics of the data shown in the chart which helps in reading the chart the caption describes the chart and included labels required to understand the chart . The caption does not contain information that helps in understanding the takeaway message,useful,"""Missing or Unclear Takeaway Message""",798,2,"The caption does not mention the main takeaway, also does not explain it",not_useful,"""Missing or Unclear Takeaway Message""","Figure 9.19. Observed (Climatic Research Unit TS 2.1; Mitchell and Jones, 2005) 
Sahel July to September rainfall for each year (black), compared to an ensemble 
mean of 10 simulations of the atmospheric/land component of the GFDL-CM2.0 
model (see Table 8.1 for model details) forced with observed SSTs (red). Both model 
and observations are normalized to unit mean over 1950-2000. The grey band 
represents +-1 standard deviation of intra-ensemble variability. After Held et al. 
(2005), based on results in Lu and Delworth (2005).",,
598,1749,4,Caption further explains the components of the chart. Caption summarizes two of the subpolts and gives detailed explanation of one. Caption has a lot of information. Caption does not mention the takeaway message.,useful,**Missing or Unclear Takeaway Message**,600,2,caption is lengthly and does not provide clear takeaway message,not_useful,"""Missing or Unclear Takeaway Message""","Figure 2.1 | Pathways classification overview. (a) Average global mean temperature increase relative to 2010 as projected by FAIR and MAGICC in 2030, 2050 and
2100; (b) response of peak warming to cumulative CO2 emissions until net zero by MAGICC (red) and FAIR (blue); (c) decadal rate of average global mean temperature change
from 2081 to 2100 as a function of the annual CO2 emissions averaged over the same period as given by FAIR (transparent squares) and MAGICC (filled circles). In panel (a),
horizontal lines at 0.63°C and 1.13°C are indicative of the 1.5°C and 2°C warming thresholds with the respect to 1850–1900, taking into account the assessed historical
warming of 0.87°C ±0.12°C between the 1850–1900 and 2006–2015 periods (Chapter 1, Section 1.2.1). In panel (a), vertical lines illustrate both the physical and the scenario
uncertainty as captured by MAGICC and FAIR and show the minimal warming of the 5th percentile of projected warming and the maximal warming of the 95th percentile of
projected warming per scenario class. Boxes show the interquartile range of mean warming across scenarios, and thus represent scenario uncertainty only.",,
640,610,2,Caption explains the components of the chart well,useful,**Detailed and Informative**,41,4,The caption doesn't explain the trend present in the graph,not_useful,**Observed Pattern Not Explained**,"Figure 3.38: Relationship between global mean equilibrium temperature change and stabilization concentration of greenhouse gases using: (i) 'best estimate' climate sensitivity 
of 3degC (black), (ii) upper boundary of likely range of climate sensitivity of 4.5degC (red), (iii) lower boundary of likely range of climate sensitivity of 2degC (blue) (see also Table 3.9). ",,
653,790,2,"The caption provides information regarding the charts that helps, but it should also explain comparative patterns observed in the chart.",useful,Observed Pattern Not Explained,51,2,Clear explanations are not provided in the captions,not_useful,"""Missing or Unclear Takeaway Message""","Figure 1.21 | Levelized Cost of Fuels (LCOF) for commercially available biomass conver-
sion technologies covering a range of different discount rates. LCOF estimates for all tech-
nologies are based on input data summarized in Annex III and the methodology outlined 
in Annex II. The lower bound of the levelized cost range is based on a 3% discount rate 
applied to the low ends of the ranges of investment, operations and maintenance (O&M) 
and feedstock cost. The higher bound of the levelized cost range is accordingly based 
on a 10% discount rate applied to the high end of the ranges of investment, O&M and 
feedstock costs. Note that conversion effi ciencies, by-product revenue, capacity factors 
and lifetimes were set to average values. HHV stands for 'higher heating value'. For data 
and supplementary information see Annex III.",phd,phd
687,1225,4,The caption mentions the main takeaway,useful,"""Clear and Good Quality""",571,1,The caption does not provide information required to understand the visible patterns Caption provides context of the graph through data description but does not help in understanding the overall take away message,not_useful,"""Missing or Unclear Takeaway Message""","Figure 5.24 The produced water chemistry before CO2 injection and the produced water chemistry after 12 months and 31 months of injection 
at Weyburn has been contoured from fluid samples taken at various production wells. The black dots show the location of the sample wells: 
(a) d13CHCO3 in the produced water, showing the effect of supercritical CO2 dissolution and mineral reaction. (b) Calcium concentrations in the 
produced water, showing the result of mineral dissolution (after Perkins et al., 2005).",phd,
742,1917,2,The caption should describe the main takeaway (the trends in each ) and also the relationship among the trends,useful,"""Missing or Unclear Takeaway Message""",583,2,Caption explains the methodology but not observed patterns of takeaway message. Context must be present in the caption to understand the visualization,not_useful,Insufficient or Unclear Description,"Figure 10: Variations in atmospheric CO2 concentration on different time-scales. (a) Direct measurements of atmospheric CO2. (b) CO2
concentration in Antarctic ice cores for the past millenium. Recent atmospheric measurements (Mauna Loa) are shown for comparison. (c)
CO2 concentration in the Taylor Dome Antarctic ice core. (d) CO2 concentration in the Vostok Antarctic ice core. (Different colours represent
results from different studies.) (e to f) Geochemically inferred CO2 concentrations. (Coloured bars and lines represent different published
studies) (g) Annual atmospheric increases in CO2. Monthly atmospheric increases have been filtered to remove the seasonal cycle. Vertical
arrows denote El Nino events. A horizontal line defines the extended El Nino of 1991 to 1994. [Based on Figures 3.2 and 3.3]",,
754,2025,2,"The caption should talk about the discrepency in the correlation of interquirtile range and max-min range, also the overall trend and the comparison between the trends",useful,Observed Pattern Not Explained,543,2,"also no clear trend mentioned in the caption. Caption contains explanation of terms used like box plot, and  what lines are drawn for no clear takeaway",not_useful,Observed Pattern Not Explained,"Figure 2.6 | Annual global emissions characteristics for 2020, 2030, 2050, 2100. Data are shown for (a) Kyoto-GHG emissions, and (b) global total CO2 emissions, 
(c) CO2 emissions from the agriculture, forestry and other land use (AFOLU) sector, (d) global N2O emissions, and (e) CO2 emissions from fossil fuel use and industrial processes. 
The latter is also split into (f) emissions from the energy supply sector (electricity sector and refineries) and (g) direct emissions from fossil-fuel use in energy demand sectors 
(industry, buildings, transport) (bottom row). Horizontal black lines show the median, boxes show the interquartile range, and whiskers the minimum-maximum range. Icons 
indicate the four pathway archetypes used in this chapter. In case less than seven data points are available in a class, the minimum-maximum range and single data points 
are shown. Kyoto-GHG, emissions in the top panel are aggregated with AR4 GWP-100 and contain CO2, CH4, N2O, HFCs, PFCs, and SF6. NF3 is typically not reported by IAMs. 
Scenarios with year-2010 Kyoto-GHG emissions outside the range assessed by IPCC AR5 WGIII assessed are excluded (IPCC, 2014b).",,
764,2071,2,"The caption should talk about the trends, and also the relationship between variables shown in the chart",useful,Observed Pattern Not Explained,261,3,"The caption is lengthy and explains about the terms and about the chart, but no clear takeaway message is mentioned and also comparison between the lines are not mentioned",not_useful,"""Missing or Unclear Takeaway Message""","Figure 2.3. Recent CO2 concentrations and emissions. (a) CO2 concentrations 
(monthly averages) measured by continuous analysers over the period 1970 to 
2005 from Mauna Loa, Hawaii (19degN, black; Keeling and Whorf, 2005) and Baring 
Head, New Zealand (41degS, blue; following techniques by Manning et al., 1997). Due 
to the larger amount of terrestrial biosphere in the NH, seasonal cycles in CO2 are 
larger there than in the SH. In the lower right of the panel, atmospheric oxygen (O2) 
measurements from fl ask samples are shown from Alert, Canada (82degN, pink) and 
Cape Grim, Australia (41degS, cyan) (Manning and Keeling, 2006). The O2 concentration 
is measured as 'per meg' deviations in the O2/N2 ratio from an arbitrary reference, 
analogous to the 'per mil' unit typically used in stable isotope work, but where the ra-
tio is multiplied by 106 instead of 103 because much smaller changes are measured. 
(b) Annual global CO2 emissions from fossil fuel burning and cement manufacture 
in GtC yr-1 (black) through 2005, using data from the CDIAC website (Marland et al, 
2006) to 2003. Emissions data for 2004 and 2005 are extrapolated from CDIAC using 
data from the BP Statistical Review of World Energy (BP, 2006). Land use emissions 
are not shown; these are estimated to be between 0.5 and 2.7 GtC yr-1 for the 1990s 
(Table 7.2). Annual averages of the 13C/12C ratio measured in atmospheric CO2 at 
Mauna Loa from 1981 to 2002 (red) are also shown (Keeling et al, 2005). The isotope 
data are expressed as d13C(CO2) %0 (per mil) deviation from a calibration standard. 
Note that this scale is inverted to improve clarity. ",,phd
766,2103,2,"The caption should talk about the trends, compare them and explain the reason behind the trends",useful,Observed Pattern Not Explained,481,2,"Caption does not clearly state the takeaway message, does not expalin the observed pattern The caption does not clarify what chart components represent definition of shaded region in the caption helps understand the chart",not_useful,"""Missing or Unclear Takeaway Message""","Figure 1.1. Observed changes in (a) global average surface temperature; (b) global average sea level from tide gauge (blue) and satellite (red) data; and (c)
Northern Hemisphere snow cover for March-April. All differences are relative to corresponding averages for the period 1961-1990. Smoothed curves repre-
sent decadal averaged values while circles show yearly values. The shaded areas are the uncertainty intervals estimated from a comprehensive analysis of
known uncertainties (a and b) and from the time series (c). {WGI FAQ 3.1 Figure 1, Figure 4.2, Figure 5.13, Figure SPM.3}",,
773,2152,2,The caption should include the main gist of the figures.,useful,Insufficient or Unclear Description,400,2,The use of technical terms makes it somewhat confusing. The caption provides thorough context but the details add more complexity.,not_useful,"""Detailed and Informative""","Figure 19.2. Top panel: Probability of exceedence of a range of
temperature thresholds for overshoot (OS500) and non-overshoot
(SC500) scenarios, derived from probability distributions for climate
sensitivity (see 'Key caveat' above on low confidence for specific
quantitatitive results). OS500 Max is derived from the maximum
overshoot temperature that occurs during the transient response before
2200, whereas OS500 in 2200 and SC500 in 2200 are derived from
temperatures in 2200. While model-dependent, these results
demonstrate the importance of considering transient temperature
change when evaluating mitigation strategies to avoid key vulnerabilities.
Bottom panel: Visualisation of maximum exceedence amplitude (MEA)
and degree years (DY) for an illustrative overshoot temperature profile.
Source: Schneider and Mastrandrea (2005).",phd,
787,2271,2,The caption should talk about the gist of the plots also should compare the two trends,useful,Insufficient or Unclear Description,264,3,"The caption does explain about the chart, but does not explain about the takeaway",not_useful,"""Missing or Unclear Takeaway Message""","Figure 3.4. (a) Annual anomalies of global SST (HadSST2; red bars and blue solid curve), 1850 to 2005, and global NMAT (HadMAT, green curve), 1856 to 2005, relative to 
the 1961 to 1990 mean (degC) from the UK Meteorological Offi ce (UKMO; Rayner et al., 2006). The smooth curves show decadal variations (see Appendix 3.A). The dashed black 
curve shows equivalent smoothed SST anomalies from the TAR. (b) Smoothed annual global SST anomalies, relative to 1961 to 1990 (degC), from HadSST2 (blue line, as in (a)), 
from NCDC (Smith et al., 2005; red line) and from COBE-SST (Ishii et al., 2005; green line). The latter two series begin later in the 19th century than HadSST2. (c,d) As in (a) but 
for the NH and SH showing only the UKMO series.",,phd
788,2276,1,The caption does not complement the plots. It should add the main takeaway from the visualization,useful,Missing or Unclear Takeaway Message,391,2,The caption also does not summarize the main trend,not_useful,"""Missing or Unclear Takeaway Message""","Figure 2.23: Time-series illustrating temperature variability over the
last about 400 ky (updated from Rostek et al., 1993; Schneider et al.,
1996; MacManus et al., 1999; Reille et al., 2000). The uppermost
time-series describes the percentage of tree pollen that excludes pollen
from pine tree species. The higher this percentage, the warmer was the
climate.",phd,
797,2360,2,The caption should include the main gist of the visualization and also compare or talk about the similarity of the trends.,useful,"""Observed Pattern Not Explained""",14,4,"The caption explains the graph markings not the trend,",not_useful,"""Insufficient or Unclear Description""","Figure 11.10: Estimated sea level rise from 1910 to 1990. (a) The
thermal expansion, glacier and ice cap, Greenland and Antarctic contri-
butions resulting from climate change in the 20th century calculated
from a range of AOGCMs. Note that uncertainties in land ice calcula-
tions have not been included. (b) The mid-range and upper and lower
bounds for the computed response of sea level to climate change (the
sum of the terms in (a) plus the contribution from permafrost). These
curves represent our estimate of the impact of anthropogenic climate
change on sea level during the 20th century. (c) The mid-range and
upper and lower bounds for the computed sea level change (the sum of
all terms in (a) with the addition of changes in permafrost, the effect of
sediment deposition, the long-term adjustment of the ice-sheets to past
climate change and the terrestrial storage terms). ",phd,
