reason_id,image_id,rating,reason,usefulness,cluster
11,339,5,Detailed caption and,neutral,1
16,610,5,the caption is informative .,neutral,1
39,1779,5,The chart 's caption is long but,neutral,2
44,2062,5,"Although the caption is long ,",neutral,1
54,380,4,"The caption is detailed ,",neutral,1
58,492,4,detailed caption,neutral,1
64,736,4,Informative caption but,neutral,1
65,828,4,Informative caption .,neutral,1
71,1388,4,Clear explanation in the caption and,neutral,1
80,1726,4,Detailed caption but,neutral,1
94,2054,4,"The caption is informative ,",neutral,1
98,2103,2,definition of shaded region in the caption helps understand the chart but does not give a clear idea of the intent .,neutral,4
108,2223,4,The overall presentation is somewhat interpretable with the given context found in the caption .,neutral,4
110,184,3,Complex caption and,neutral,1
113,407,3,The caption is detailed but,neutral,1
116,1011,3,Detailed caption but,neutral,1
118,1215,3,the caption provides detailed information about the each element but,neutral,1
128,604,2,Detailed caption but,neutral,1
137,1206,2,"despite the detailed caption ,",neutral,1
141,1633,2,"The caption is very detailed about the visualization ,",neutral,4
142,1659,2,the caption is very detailed about the context and,neutral,1
143,1748,2,The caption is detailed but,neutral,1
150,2125,2,The caption is complex and,neutral,1
156,2152,2,The caption provides thorough context but,neutral,1
159,2252,2,the caption is needed .,neutral,1
163,1068,1,"even though there is a legend ,",neutral,3
164,1087,1,"While the caption explains the context ,",neutral,1
165,1146,1,"The caption is detailed however the overall layout is cluttered with many bars ,",neutral,1
167,1178,1,"While the caption provides detailed context ,",neutral,1
168,1192,1,"While the caption provides details context ,",neutral,1
170,1232,1,"While the caption provides context ,",neutral,1
177,1946,1,The caption is long and,neutral,1
178,1953,1,While the caption is concise and,neutral,1
186,2064,1,"The caption is long ,",neutral,1
196,1503,4,the caption,neutral,1
3,196,5,caption are easy to understand .,neutral,1
7,2360,4,"The caption explains the graph markings ,",neutral,4
10,337,5,caption are understandable .,neutral,1
12,436,4,"The caption explains the graph ,",neutral,4
15,572,5,the caption can be less wordy .,neutral,1
30,1277,4,"The caption can better explain the trend ,",neutral,4
55,433,5,the caption are easy to understand .,neutral,1
60,614,3,"The caption explains the situation ,",neutral,4
64,736,4,"The caption describes the graphs well ,",neutral,4
70,1301,4,"caption are good ,",neutral,1
77,1697,4,"The caption explains the graph pretty well ,",neutral,4
84,1790,4,"The caption is good ,",neutral,0
85,1861,5,the caption can better explain the trend / context .,neutral,1
88,1915,4,"The caption is straightforward ,",neutral,1
89,1925,4,"The caption is good ,",neutral,0
93,2049,4,"The caption is good ,",neutral,0
95,2061,4,The caption can explain the context and,neutral,1
96,2071,4,"The caption is good ,",neutral,0
107,2220,3,"The caption explains the graph pretty well ,",neutral,4
113,407,3,"The caption explains the graph ,",neutral,4
114,494,2,"explains the situation ,",neutral,3
117,1143,2,"The different colors are explained in the caption ,",neutral,3
119,1439,5,the caption can be better .,neutral,0
125,292,4,the caption can better explain the situation .,neutral,1
134,1100,2,"The caption is good ,",neutral,0
136,1153,4,"The caption can better explain the trend ,",neutral,4
138,1400,1,"The caption is okay ,",neutral,0
141,1633,4,"The caption is good ,",neutral,0
142,1659,1,"The caption is okay ,",neutral,0
145,1802,4,"The caption is okay ,",neutral,0
147,1911,4,"The caption is okay ,",neutral,0
152,2262,4,The caption is good .,neutral,0
158,2215,4,"The caption is good ,",neutral,0
159,2252,3,"The caption is good ,",neutral,0
162,950,1,"The caption is good ,",neutral,0
169,1205,2,"The caption is okay ,",neutral,0
170,1232,1,"The caption is good ,",neutral,0
173,1326,1,"The caption is good ,",neutral,0
174,1576,1,"The caption can be more straight - forward ,",neutral,1
175,1751,4,"The caption is good ,",neutral,0
176,1821,2,The caption can be improved to explain the context and,neutral,1
177,1946,4,"The caption is good ,",neutral,0
178,1953,4,"The caption is okay ,",neutral,0
179,1963,4,"The caption is good ,",neutral,0
181,2008,4,the caption is good .,neutral,0
185,2060,4,The caption and,neutral,1
186,2064,3,"The caption attempts to explain the graph ,",neutral,4
187,2117,5,the caption can explain the trend better .,neutral,4
188,2163,2,"The caption is good ,",neutral,0
189,2253,4,"The caption is good ,",neutral,0
196,1503,4,the caption,neutral,1
3,196,4,"The caption is lengthy ,",neutral,1
15,572,4,"Large caption ,",neutral,1
21,790,4,Large caption,neutral,1
49,112,4,"I need to read the caption twice to understand the visualization fully ,",neutral,4
56,447,1,The caption seems fine,neutral,0
58,492,3,The caption is a bit lengthy,neutral,1
59,547,4,The caption is a bit large .,neutral,1
67,904,4,Caption can be improved,neutral,1
69,1044,4,Caption can be improved,neutral,1
80,1726,4,The caption can be a bit small,neutral,1
111,220,3,"The caption is lengthy ,",neutral,1
114,494,2,caption look cluttered to me,neutral,1
115,754,4,The caption can be improved,neutral,0
121,152,3,also the caption is a bit lengthy .,neutral,1
122,188,5,captions are precise and,neutral,1
125,292,5,caption are clear,neutral,1
126,413,4,"The caption seems fine ,",neutral,0
134,1100,3,Caption is too big,neutral,1
141,1633,4,Caption can be bit smaller,neutral,1
145,1802,4,The caption can be improved,neutral,0
151,2254,3,Caption can be shortened,neutral,1
157,2194,2,The caption should be short,neutral,1
159,2252,3,Caption can be improved,neutral,1
160,242,1,The caption is lengthy ( but,neutral,1
172,1294,2,large caption,neutral,1
180,2007,2,large caption,neutral,1
199,2211,3,Caption can be improved,neutral,1
4,203,4,I think citations in the captions are not necessary,neutral,4
7,2360,5,Caption augments with chart,neutral,2
26,994,4,Caption summarize the chart,neutral,2
30,1277,4,require caption just to read the y - axis label,neutral,4
34,1601,5,caption augments with chart,neutral,2
42,1839,5,Caption summarizes the chart,neutral,2
48,2218,1,The label says -20 % but,neutral,3
65,828,3,caption,neutral,1
69,1044,5,caption summarize the chart,neutral,2
74,1499,5,Easy to understand caption not required,neutral,1
80,1726,5,Labels are clearly mentioned and,neutral,4
81,1755,5,than reading through entire caption,neutral,1
99,2138,5,Caption summarizes the chart,neutral,2
100,2141,5,Caption summarize the chart,neutral,2
105,2357,4,Caption summarize the chart,neutral,2
106,2213,4,Caption summarizes the chart,neutral,2
109,2251,5,Caption summarizes the charts,neutral,2
111,220,4,Caption summarize the chart,neutral,2
119,1439,5,Caption explain the chart,neutral,2
150,2125,5,Caption augments charts,neutral,2
154,2300,5,The captions summarize the charts,neutral,2
158,2215,4,Caption and,neutral,1
166,1177,5,caption summarize the chart,neutral,2
169,1205,5,Caption augment chart,neutral,2
177,1946,5,Caption summarize trends in chart,neutral,2
181,2008,5,Caption summarize trends in charts,neutral,2
182,2018,4,not the comparison between them,neutral,3
187,2117,5,The caption and,neutral,1
