image_id,interpretability_rating_u_res1,reason_u_res1,interpretability_rating_u_res2,reason_u_res2,interpretability_rating_res1,reason_res1,interpretability_rating_res2,reason_res2
139.0,5,Easy to compare categories,4,The takeaway is not very clear.,4.0,not all axes in the chart are labeled. wordy caption,2.0,"The caption is detailed and provides important context, but it is dense and does not clearly summarize the main takeaway"
148.0,5,Easy to compare stabilization categories,4,"The trend is understandable, but the caption can be improved to be more straight-forward.",3.0,"The caption helps to interpret the visualization, providing information which are helpful. But it does not mention the main takeaway.",3.0,"Chart is dense, uses technical terms, and the caption is long and complex without clear summary of the main takeaway. It makes it difficult to grasp the key message."
203.0,5,Easy to compare ranges of yield change. ,4,The graph is hard to extract information from. ,2.0,"The caption is very lengthy, and the chart is confusing as well, but it is somewhat understandable.",3.0,It uses good color coding to show the percentage of crop yield projections across different ranges. The caption provides a lot of context but not summarizing the main takeaway or highlighting the important parts.
2289.0,5,"Although the bars overlap, it is easy to compare the categories and find the main differences between dataset. ",5,Both are easy to understand. ,1.0,The caption should describe the trends also should talk about the similarities between the trends (how they correlated),5.0,The chart is more explainable
2360.0,5,Easy to interpret the chart and see the main trends without looking at the caption. ,4,"The caption explains the graph markings, but not the trend, and the graph should have a key explaining the solid and dotted line difference. ",2.0,The caption should include the main gist of the visualization and also compare or talk about the similarity of the trends.,4.0,"The visualization is clear, but the caption does not fully summarize the main trend, while the caption is informative it does not have a clear takeaway"
324.0,5,Caption summarizes the main trend,5,"The graph is easy to understand, but the caption can do better at explaining the trend.",4.0,The chart and caption both are interpretable but could be better,1.0,"Chart a and c tells the same information, not sure why they are represented twice. Caption does not seem to be helping here to understand."
332.0,5,Easy to read labels and compare the categories to understand the relationship between capacity factor and investment costs,4,"The caption doesn't explain the second graph well, and the labels on the graph could be differentiated more.",4.0,The main takeaway is missing in the caption and the caption does not augment the visualization that much,1.0,"Why both charts are similar, what is the comparison between them. And the caption does not clearly summarize the chart"
337.0,5,"Detailed caption that provides the main key takeaway
The charts are well labeled ",5,The graph and caption are understandable.,2.0,Caption is too long and the chart looks cluttered,4.0,Easy to understand
339.0,5,Detailed caption and a clear chart makes it easy to understand the main trend ,4,Hard to interpret what the symbols are representing on y-axis. ,3.0,observed pattern is not explained in the caption,4.0,"Chart itself is sufficient to interpret it, and caption does not add any value in explaining the trend or describing the chart"
436.0,5,Clear representations with detailed caption that includes the symbols and lines (shown in chart),4,"The caption explains the graph, but the graph should have a key. ",5.0,Precise and clear,2.0,"The chart and caption does not mention about the extra dots between the years, where caption specifies it as annual mean, but not clear"
497.0,5,Easy to compare the onshore and offshore categories ,5,Both are easy to understand.,3.0,"The caption does not augment the visualization.The main takeaway and an explanation behind it  is missing,",3.0,"The chart and caption does not specify the trend, and only explain about the labels. No clear takeaway."
502.0,5,"Easy to read the labels, color categorization makes it easy to identify the main takeaway.",5,Both are easy to understand.,5.0,It's interpretable,4.0,Easy to compare categories
572.0,5,"Clear time series and labeled axes, caption summarizes main takeaway",5,"Both are easy to understand, but the caption can be less wordy.",3.0,caption explains the chart components well. Caption fails to summarize the observed trend,4.0,"The caption explains about the chart, but there is no clear takeaway mentioned."
610.0,5,"The chart has color coding, it is well-organized and the caption is informative.",4,The caption doesn't explain the trend present in the graph. ,2.0,chart does not include legend. Caption explains the components of the chart well. ,1.0,The trend or comparison is not clearly mentioned in both chart and caption
660.0,5,The graph uses colors to represent 3 different categories making it easy to follow each line. The detailed caption provides a clear takeaway,4,The graph is a little hard to read. ,4.0,Large caption.,5.0,Easy takeaway
690.0,5,"The caption helps with interpretation of the chart. 
The chart is organized and labeled which helps with understanding the main takeaway.",5,Both are easy to understand. ,2.0,The caption should compare the results of the models (the major takeaway),3.0,"Both chart and caption is useful to interpret the result, but it lacks mentionining some trends about the labels observed."
790.0,5,Easy to understand and clear takeaway,5,Both are easy to interpret. ,2.0,"The caption provides information regarding the charts that helps, but it should also explain comparative patterns observed in the chart.",2.0,Clear explanations are not provided in the captions
920.0,5,Easy to compare categories and caption summarizes the main trend,5,Both are very easy to understand.,3.0,The main takeaway is missing in the caption.,1.0,The caption does not mention the goal of the chart/ takeaway. It mentions what is mentioned in the charts
937.0,5,"Clear visualization with detailed caption. The chart uses color coding and thick lines to show the medians, and the total range of models. ",4,"The caption and graph design is good, but the x-y labels and titles are hard to read. ",2.0,Caption does not explain the trends observed. Caption does not explain the corelation between two data expressed in the visualization,4.0,The caption does not mention about the trend having the labels little unclear
994.0,5,Clear visualization with detailed caption. The different lines along with the shaded area conveys the main takeaway.,5,Both are easy to understand.,3.0,Caption is too big,4.0,Caption summarize the chart
999.0,5,Clear takeaway and easy to interpret.,5,Both are easy to interpret.,4.0,The caption is not helpful to interpret the visualization.,4.0,"Require both caption and chart to interpret the takeaway, the line is clearly not mentioned in the chart"
1081.0,5,Easy to see the annual average and understand the main takeaway by reading the caption.,5,Both are easy to interpret.,2.0,"The caption provides background information regarding how they have calculated the x-axis data, but does not mention the main takeaway (the trend). Caption does not not contain context required to grasp the takeaway message",4.0,"The caption does not fully say the about the chart, but mentions some part of trend"
1251.0,5,Easy to get the main takeaway and understand the difference between the color coded bars. ,5,Both are easy to understand.,3.0,The caption does not augment the visualization that much. The main takeaway is missing in the caption. Also an explanation would be helpful. ,3.0,"The caption does not state any trends in the chart, and no clear takeaways"
1277.0,5,The words on the side explaining the y-axis is cut off but the caption provides good details to interpret the graph. The legend further helps in understanding the main takeaway.,4,"The caption can better explain the trend, and the graph is good, but the labels are not visible.",4.0,interpretable,2.0,"Require caption just to read the y-axis label, there are no clear takeaway mentioned"
1285.0,5,The chart shows the time series of the global annual ocean with color-code lines for different categories. The caption provides detailed context explaining the CI and data source. The clear labels from the average time periods help in understanding the main trend.,5,Both are pretty easy to understand.,4.0,An explanation of the trend would be helpful.,1.0,"The chart does mention the error region, but it is not clear about the range of the confidence interval or why is it kept with different colors"
1295.0,5,The chart shows the time series of the global annual ocean with color-code lines for different categories. The caption provides detailed context explaining the CI and data source. The clear labels from the average time periods help in understanding the main trend.,5,Both are easy to understand.,4.0,"The caption is quite informative and augment the visualization, but including the overall takeaway would be helpful",1.0,"The chart does mention the error region, but it is not clear about the range of the confidence interval or why is it kept with different colors"
1303.0,5,The captions explains the main trend and the graph is easy to interpret. ,5,Both are easy to understand.,4.0,"The main takeaway is missing in the caption, so it does not help in the interpretation of the visualization that much.",2.0,There is no clear takeaway that can be infered from the caption and also from the chart
1601.0,5,Easy to read the labels and compare the pH levels. ,5,Both are easy to understand.,5.0,Easy,5.0,caption augments with chart
1711.0,5,"Easy to compare the categories
",4,"The caption can better by explaining the trend, and the graph labels are small.",3.0,The caption does not talk about the overall trend and also does not explain it.,3.0,The caption does not fully cover the main trend from the charts. but both charts and captions require some effort to get some message
1712.0,5,Easy to see the heat content changing. ,5,Both are easy to understand.,3.0,The caption does not say that there is an increasing trend and also does not provide the reasons behind it,4.0,"Caption provides useful context about the data and methodology, it is somewhat dense and does not clearly summarize the main takeaway."
1761.0,5,Easy to compare categories and read the labels.,5,Both are easy to understand.,2.0,The caption should describe the correlation between central tendecy and total uncertainty range.,4.0,"Though the caption clearly explains about the what is being measured and how the data compiled, but it does not clearly summarize the main takeaway or highlight the important trends."
1779.0,5,The chart shows the comparison between the simulations and observations. Each panel is well laid out and labeled so it is easy to compare the scenarios. The chart's caption is long but includes an overview of the data. ,5,"Both are easy to understand, the model's shadow shows the differences well.",5.0,The caption is too big. It could be improved,4.0,"The visualization is clear, but caption does not fully capture the summary of the chart"
1803.0,5,"Despite a lot of elements, the chart shows the main trend with using different colors and symbols to help differentiate between data clearly. ",5,Both are easy to understand.,5.0,Easy,4.0,"The horizontal bar chart is clear with error bars. And the caption provides details about the terms and data, but does not fully give the main takeaway"
1818.0,5,"Clear takeaway with detailed context, making it easy to interpret. ",5,"Both are easy to understand, and the trend is clear.",5.0,"The caption does provide information regarding the major takeaway (the trend), also does not provide explanation.",5.0,Easy takeaway
1839.0,5,"The scatter plot shows the relationship between the x and y axis. The line of best fit clearly shows the trend. The caption also provides detailed context about the source data.
Clear representation makes it easy to interpret. ",5,Both are easy to interpret.,5.0,Easy,4.0,"The axis are well labeled, and the use of colors make it more interpretable. Caption represent some details but not fully summarize the trend"
1945.0,5,Easy to compare the categories and analyze the potential for CO2 reduction across different regions. ,4,"Both are understandable, but the caption should include more context for the situation and trend.",2.0,The caption should include the overall downward trends and should compare and explain the reason behind the trends.,3.0,"The chart is interpretable, but the caption can be more informative and also express trends in the chart"
2062.0,5,"Easy to compare categories and the use of colors to represent data makes it easier to compare them. Although the caption is long, it expands on each of the studies making it easier to understand the main takeaway.",5,Both are pretty easy to understand.,2.0,The caption does not talk about the major takeaway.,3.0,"Chart have many terms and abbreviations, even though caption does mention the terms it does not mention any takeaway message"
2065.0,5,"The use of 2 box plots to show the two scenarios makes it easy compare them. Furthermore, the chart includes two different time periods and multiple technologies. While this adds complexity, it also provides a good overview of the data. ",5,Both are pretty easy to understand.,5.0,"The caption does not compare the scenario of 2030 and 2100, nor it talks about the trend or any takeaways.",3.0,"The chart is easy to understand, but the main takeaway is clearly not mentioned in both chart and caption."
2124.0,5,Easy to compare the categories and see the main trend. ,5,Both are easy to understand.,2.0,"The caption does not augment the plots. It does not talk about the major takeaway, the correlation between all US or major US hurricane or the trends.",3.0,"The chart have some trends, but not sure which trend to look at, and caption does not seem to provide a clear explanations"
2218.0,5,Easy to compare the categories and see the main trends. ,4,"Both are understandable, but the graph labels are unclear.",1.0,"The caption does not augment the visualization, it should talk about the trends, compare the trends, also should talk about the correlation between 0,20 and -20% of rainfall.",1.0,The label says -20% but it is confusing in the chart
112.0,4,The design and clarity can be improved. Clear takeaway was not given ,2,Difficult to understand the trends ,2.0,trend or pattern not explained in caption,3.0,The caption does not explain any trends observed in the charts
126.0,4,Caption doesn't fully summarize the main trends.,3,"The graphs are easy to understand, but the captions are very long-winded. ",2.0,trend can be observed in the chart. caption does not summarize a takeaway message,3.0,Different color are used to represent in different charts for the same label. And also the axis scale is different. 
304.0,4,The chart provides useful information to understand the data.,3,"The caption is very wordy, and the labels are hard to read on the graph.",2.0,"The chart is quite interpretable, but the caption is too long",3.0,Difficult to read labels
317.0,4,"The caption provides details information about the chart. 
Colors and labels are used effectively to convey the main takeaway.
",5,The graph is well made and easy to understand.,2.0,caption does not state the main takeaway. Caption does not explain the observed trend,3.0,"The caption only explains about the labels inside the chart, but it is not clearly stating the trend and what should be interpreted."
330.0,4,Clear visual representation with a detailed caption,5,The graphs are easy to understand.,3.0,caption does not explain observed pattern.,3.0,"The chart a caption does not explain clearly the takeaway, chart b caption has mentioned the takeaway"
380.0,4,"The caption is detailed, but does not provide the clear takeaway",3,The graph labels are hard to read.,3.0,chart does not contain legend for colors used. Caption described encoding used in the visualization. Caption fails to summarize the intent,3.0,The caption does not summarize chart main trend
433.0,4,"No legend included, the caption explains what the different lines mean along with providing detailed information. ",5,The graph and the caption are easy to understand.,4.0,A bit long and cluttered but understandable,3.0,"The caption provides an explanation about the lines, but does not clearly explain the comparison between the trends."
447.0,4,Detailed caption but the caption does not clear summarize the main takeaway. ,5,Both easy to understand.,1.0,"legend information is not given, which makes the chart hard to interpret. The caption seems fine",3.0,The labels are not clear and not represented in caption
491.0,4,"- Caption provides a good explanation for what the dots mean
- The use of labels helps in understanding the main takeaways",5,Both are easy to understand. ,4.0,observed trend is not explained in the caption,5.0,Easy to compare categories
492.0,4,Easy to interpret with use of labels and detailed caption ,4,"Caption is very wordy, but graph is understandable. ",3.0,The caption is a bit lengthy,4.0,"The chart and caption clearly explain the labels used, but caption is lost in translation"
614.0,4,It is difficult to grasp the key points since there are too many words on the chart. ,3,"The caption explains the situation, but the graph is very wordy and hard to read.",3.0,"The chart is interpretable, but there are too many texts in the chart. The caption is also too large.",5.0,clear takeaway
639.0,4,The caption provides the main takeaways while the chart uses color coding to help understand the caption ,5,Both are easy to understand.,3.0,"The caption should talk about the trends, also should do comparison among them",4.0,Easy to compare
643.0,4,"Too many categories are present in the chart, but they are well organized and labeled. 
The different bars in the chart are not easy to comprehend without reading the captions ",3,The graph is hard to understand.,3.0,The main takeaway is missing. ,3.0,Difficult to understand and caption do not summarize main trend.
658.0,4,"Clear representation with a clear break down of cost and efficiency improvements. 
The format of this chart is not the standard ",5,The graph is very well made. ,4.0,Interpretable,4.0,less caption is given
736.0,4,Informative caption but complex data requires interpretation,4,"The caption describes the graphs well, but the graphs a little unclear and hard to read. ",3.0,The caption talks in detailed regarding the simulation scenarios but the main takeaway is missing,4.0,"The chart and caption capture the trend, but the chart is little complex to understand"
828.0,4,Overlapping lines makes it difficult to interpret. But the annual mean is shown which helps. Informative caption.,1,"The caption doesn't explain what the different colors mean, and doesn't explain the trend. It is extremely hard to differentiate the colors on the graph, and we don't know what each color represents.  ",1.0,The visualization seems cluttered. And the caption does not explain it as well.,3.0,No proper labeling is stated in chart and caption
839.0,4,Clear visualization that shows temperature changes. Clear takeaway,5,Both are easy to interpret. ,3.0,The main takeaway is missing in the caption,2.0,Fluctuations are not clearly mentioned in the caption
904.0,4,"Detailed caption, chart has different curves representing different depths and locations. The x-axis and y-axis are clear, and the captions helps with the interpretation. No legend is present.",5,Both are easy to understand.,4.0,Caption can be improved,3.0,caption does not summarize main trend
1006.0,4,Clear context with color-coded regions but multiple lines make the chart somewhat complex.,2,"The caption should explain the trend better, and the graph is very hard to read and tell the difference between the many labels. ",2.0,cluttered,2.0,labels are not clear
1044.0,4,"Too many lines and shaded regions makes the chart more complicated, but the detailed information in the caption helps.",5,"Both are easy to understand, and the colors are clear on the graph.",2.0,"The caption provides information regarding the chart, but it should mention explain, and compare the trends",5.0,caption summarize the chart
1301.0,4,"The chart includes various components represent by different patterns and colors. The caption provided is extensive, which is informative but it adds to the complexity. Furthermore, the blue/grey shaded areas add additional visual elements.",4,"The graph and caption are good, but some labels are small. ",3.0,Too many information make the charts cluttered,3.0,"The caption is not required, because caption tells to look in the chart explanations for more details"
1388.0,4,Clear explanation in the caption and the graph has a zoomed in graph inside it making it easier to interpret the information given.,5,Both are pretty easy to understand. ,4.0,Interpretable,4.0,"Caption mentions about the chart and trend, but it can improved with more adding in more details and highlighting the takeaway message"
1428.0,4,"The chart effectively shows the ranges of lifecycle GHG emissions for various fuel categories using different patterns. The caption provides enough information to interpret the graph.  The use of multiple sources makes the chart somewhat clutters, but it is interpretable. ",4,"Both are okay, but the graph labels are a little small and the caption can explain the trend better.",2.0,Caption complements the visualization. Caption does not state the main takeaway. caption does not explain the relation between data categories,1.0,"The caption does not have any information only references, and bars inside the chart is little confusing"
1453.0,4,The chart conveys the main takeaway but the multiple components and no legend for the different symbols and colors found in the chart make it a little hard to interpret. ,5,Both are pretty easy to understand.,2.0,caption does not explain the observed trend,3.0,"The chart and caption mentions about different lines, but no straight forward takeaway"
1499.0,4,The caption summarizes the key trend and the graph includes a legend and it is somewhat easy to understand the errors bars. This visualization effectively shows the differences between the categories. ,5,Both are easy to interpret.,3.0,For some bars the corresponding gas name are missing I guess,4.0,"The black lines are not fully mentioned in chart or caption, but could be infered as error lines"
1519.0,4,Clear representation with detailed information about the key trend making it somewhat interpretable.,5,Both are good and easy to interpret.,2.0,A bit confusing,3.0,"The caption does provide detailed context about the data sources and methods, but does not clearly summarize the main takeaway or highlight the key trend."
1626.0,4,"Clear representation with some complexity, no legend is present in the graph, making it somewhat interpretable. You can see the overall trend by looking at the regression line and the r^2. ",5,Both are easy to understand.,3.0,"Overall takeaway and explanation of the trend is missing in the caption, but it provides context for the visialization",2.0,The labels are not mentioned in the chart
1697.0,4,Somewhat easy to compare the categories ,4,"The caption explains the graph pretty well, but some of the labels are blurry on the graph.",3.0,"The caption describe the background information for the chart, but in does not talk about the main takeaway. ",2.0,labels are not clearly mentioned for the first chart
1715.0,4,Multiple panels and detailed context add complexity making it somewhat confusing.,5,"Both are easy to understand, but the caption can be better at explaining the context.",2.0,"The caption does not provide information regarding the color encoding of the median, 25th to 75th percentile range, and full range of scenario results. It also does not describe the upward trend and increasingg range.",3.0,The chart contains multiple ranges which is confusing in the first glance. The caption does not clearly summarize the main trend
1718.0,4,"Clear representation with consistent color coding, making it somewhat interpretable ",3,"The graph is kind of confusing with the red and blue, and the different year labels. The caption should be improved to explain the trend and context.",2.0,The caption does not describe the takeaway.,2.0,"The caption does not summarize main trend, because it says current report but 2050 year is colored in blue which is previous report"
1726.0,4,Detailed caption but the multiple elements make it somewhat interpretable ,5,Both are easy to understand.,2.0,Do not provide information regarding the main takeaway.,5.0,Labels are clearly mentioned and easy to understand
1755.0,4,The graph is easy to understand and the caption provides thorough information about each panel which is informative. ,5,"Both are easy to understand, but the graph should have a title.",3.0,"The caption does not describe the trend, also it should describe the correlations among the figures.",3.0,The caption is lengthy and does not clearly summarize main takeaway or maybe highlight the important trend.
1757.0,4,"The use of different colors for each line, makes it easy to differentiate the data clearly. The chart also includes a legend, but it can be hard to understand without the help of the detailed context. ",5,"Both are easy to understand, but the caption should explain the trend.",3.0,The caption does not describe the overall takeaway and it does not describe the trend. ,3.0,"The caption have mentioned many details, but did not clearly mention or summarize the main takeaway"
1777.0,4,"The visualization includes multiple panels for different regions and periods. The use of these panels adds to the complexity. The caption provides thorough information about the anomalies, but it can take a while to understand the context about the takeaway. ",5,Both are easy to interpret.,3.0,"(a), (b) indications in the charts are missing",2.0,The charts in the right does not clearly interpret
1790.0,4,"The chart shows the frequency for two scenarios, and it is somewhat easy to understand. The caption provides thorough information about the scenarios and error bars. ",4,"The caption is good, but the graph labels and ranges are very small, so it is hard to tell what value they correlate to.",2.0,Could not find: green; 16 CMIP5 models and blue; 14 CMIP5 models,4.0,The caption is dense and does not fully summarize the main takeaway.
1861.0,4,The legend and well-defined axes make the charts somewhat interpretable. The caption makes it easy to understand the main key takeaway.,5,"Both are easy to understand, the caption can better explain the trend/context.",2.0,"The caption does not talk about the main takeaway, also it does not compare the regions (data from the three regions)",3.0,"The chart does seem to use some symbols like triangle, circle that are not fully explained within the visualization itself and require very large caption. The caption is lengthy but does not fully summarize the trend"
1874.0,4,"The scatter plot shows the relationship between the x and y axis, and the data points and arrows clearly show the trends. The use of symbols helps to differentiate the data points.. Also, the caption is long so can take a little time to  understand the context of the chart. ",5,Both are pretty easy to understand.,4.0,The caption is too big,4.0,"The visualization is clear and allows for comparison, but the key message could be more directly stated in the caption"
1894.0,4,"The chart has annotations and different comparison lines making it harder to quickly understand the main takeaway. The use of specific scientific terms might not be immediately clear to everyone. The caption is informative and provides necessary context. The addition of the error bars also adds another layer of information, which can complicate the overall interpretation. ",5,Both are easy to interpret.,2.0,"The caption does not compare bacteria, 
nanobenthos and meiobenthos and also the relation between the the result and the error range.",2.0,The label in x-axis is confusing to understand there are 4 groups but only 3 wordings/labels
1915.0,4,"The chart has two parts, the addition of these panels makes it complex, but it does provide an overall overview of the data given. The color-coded map shows the positive and negative trends. The line graph can be a little difficult to interpret since there are overlapping lines, making it somewhat interpretable.",4,"The caption is straightforward, and the top graph is understandable, but the bottom graph should include axis labels.",5.0,Easily interpretable,4.0,The caption is simple and does not fully explain the chart and also key takeaway could be stated in the caption
1925.0,4,The cline graphs show the trends for both hemispheres with different symbols. The linear trends provides more clarity about the main trends. The caption provided is gives detailed information about the data shown in the chart. ,4,"The caption is good, but the graph should include a key to explain the different lines.",5.0,Easily interpretable,5.0,Caption summarize trends in chart
1947.0,4,"The caption provides context about the data sources, scenarios, and an explanation of the main trends. It is long and informative, but adds complexity to the interpretation. The chart shows different panels for different scenarios. Despite the detailed context, the visual clarity makes the charts somewhat interpretable. ",5,Both are pretty easy to understand.,3.0,The caption is too large,3.0,"There are many details in chart and also in the caption, but I did not find any clear takeaway"
1979.0,4,"The chart shows the main key takeaways, but the multiple components make it complex. The caption provides more information about the chart which makes it somewhat interpretable. ",5,Both are pretty easy to understand.,2.0,the captions does not include the main takeaway,3.0,"The chart is easy to interpret, but caption does not contain any clear takeaway, it mentions some trends and relationships, but no clear summary"
2016.0,4,"The use of color coding in the map helps see the variations in the anomalies. But the time graph can be confusing to understand, using the visual clues it can be seen that red bars is for positive values and blue bars are the negative values. Despite the detailed information, the representation is clear. The chart lacks detailed labels that could help in the interpretation.",4,The caption needs to be improved to explain the context and trend. The graph is pretty good.,2.0,"The caption does not augment the figures that much, it does not describe the trend or the major takeaway.",3.0,"The chart does not mention about the color scale used for world map, need to have some assumptions of the color scale for chart only. And caption does not seem to explain the chart clearly, and no clear takeaway is mentioned."
2049.0,4,"The graphs contain a lot of data points and trend lines that are presented clearly. Although the chart effectively conveys the main trends, the lack of detailed labels and annotations might make it harder to interpret the small specific finding without any additional context. ",4,"The caption is good, but the graph data doesn't have a key for the symbols.",2.0,Have not talked about different shapes for the mark and the caption do not talk about thew major takeaway.,2.0,Caption does not represent any trends and also comparison between the trends are not discussed. No clear takeaway
2054.0,4,"The caption is informative, it also has some unnecessary information that might not be needed to interpret the charts. The legend and clear representations make it charts somewhat interpretable. ",5,"Both are pretty understandable, but the caption can be better.",2.0,The caption should mention the upward trends and explain the reason behind that.,4.0,"The caption does mention some trends, but the color scale in the chart is little bit confusing"
2061.0,4,"The chart's use of consistent color coding and multiple types of vehicles adds to the complexity but provides a good overview of the data. The clear axes and legend help in the interpretation, but many require more context for full understanding. ",4,"The caption can explain the context and trend better, and the graph is pretty understandable.",1.0,"The caption does not talk about the major takeaway, also the marks overlapped.",3.0,The caption does not explain about the trend observed and also the takeaway message is clearly missing. 
2071.0,4,"There is no legend present in the chart, making it difficult to understand what each color means. Each panel presents data using different symbols and colors to represent the different measurements. However, the complexity of the data can make it somewhat challenging to graph the main trends. ",4,"The caption is good, but the graph should have a key for the colors.",2.0,"The caption should talk about the trends, and also the relationship between the mixing ratio and global estimations.",3.0,"The caption is lengthy and explains about the terms and about the chart, but no clear takeaway message is mentioned and also comparison between the lines are not mentioned"
2271.0,4,"The chart has a clear representation with 2 panels, but each panel uses different line styles and bard to represent the different datasets. However, this adds more complexity to the interpretation of the chart.",5,The captions and graphs are interpretable. ,2.0,The caption should talk about the gist of the plots also should compare the two trends.,3.0,"The caption does explain about the chart, but does not explain about the takeaway"
2356.0,4,"Given the clear representation, multiple components, and detailed context, it is somewhat interpretable. The use of multiple panels makes it difficult to find a clear takeaway making it somewhat interpretable. ",4,"Both are pretty understandable, but the graph should have a key. ",5.0,Easy,4.0,"The chart is clear and allows for comparison, but key message could be mentioned in the caption"
2357.0,4,The use of different colors and line styles helps differentiate the categories and highlight key information. The clear axes and legends also make the information more interpretable. The multiple components make the interpretation a little complex. ,5,"Both are understandable, but caption should explain the trend better.",2.0,seems a bit confusing,4.0,Caption summarize the chart
2213.0,4,"The caption provides thorough context about the data sources and the variables shown in each panel. The charts show the long-term trends and provides a comparison. The clear axes and legends help in the understanding of the data, but the technical nature of the content might be overwhelming. The detailed context also might take time to interpret. ",5,"Both are understandable, the trend is present in the graph well,",2.0,"The caption should include more information regarding the bars (like the number of days with higher temperature increases) and it should compare the trends, which are missing.",3.0,"The caption mentions about the calculations that are used to prepare the subcharts, but no takeaway"
2220.0,4,The use of different colors and line styles helps compare the categories. The bars at the end represents the ranges and helps interpretating the chart. The caption is needed to fully make an interpretation of the chart.,3,"The caption explains the graph pretty well, but the graph formatting is a little confusing, and it needs a key.",1.0,"Caption should include what NEU and SEM mean, also the should compare the trends between them. ",4.0,"The chart is clear and allows for comparison, but the main takeaway or highlight of important trend is not mentioned"
2223.0,4,"The visualization has 2 panels, which adds complexity, but it also gives a good overview of the data. The overall presentation is somewhat interpretable with the given context found in the caption. ",4,"Both are understandable, but the graph needs a key.",4.0,Interpretable,4.0,"The caption is lengthy and provides the methodology, but is not able to clearly summarize the main trend"
184.0,3,Complex caption and the different colored line don't have a clear definition.,4,The caption doesn't describe the trend well. ,2.0,No separate information regarding chart no: C is provided.,2.0,"There are many technical terms that are not fully explained in the caption. There are many labels and legend in the axis, and the means in note immediately clear. The caption does not summarize the main takeaway or important trends. "
220.0,3,Complex representation of the CO2 injection scenarios,4,The caption is very wordy and doesn't explain the trend present in the graphs. ,3.0,"The caption is lengthy, and also there can be a common legend in the chart.",4.0,Caption summarize the chart
297.0,3,"There is no visual clutter, the caption provides a summary of the key trends. No legend is present to explain the non-linear lines ",5,The graph is easy to understand.,4.0,caption does not explain the trend,2.0,"Both chart and caption tell about the labels used and how they are formed, but there is no mention what the intent for the chart is."
407.0,3,"The caption is detailed but the chart is blurry, 
Difficult to read the chart",3,"The caption explains the graph, but the graph labels are hard to read.",3.0,Long and a bit cluttered,5.0,Easy to compare categories
494.0,3,"Hard to interpret the multiple categories on the chart, 
detailed caption highlights what the chart shows ",2,"The caption is very wordy, but explains the situation, and the graph is very hard to read.",2.0,Both the chart and caption look cluttered to me,4.0,Easy to compare categories
754.0,3,Informative caption but overlapping lines adds more complexity,5,The graphs and chart are both easy to interpret and clear to understand. ,2.0,The caption does not complement the chart. It should mention and explain the upward trends.,3.0,"Some inconsistency inside the charts are not mentioned properly like the suddent spike in red bars, the reasoning is not provided."
1011.0,3,Detailed caption but multiple bars and no legend for the colors of the bars makes it somewhat confusing. ,5,Both are pretty understandable. ,1.0,The caption does not complement the chart and does not help to interpret it.,1.0,"The chart is more prone to misinterpreting the change, it would be better to keep the change in vertical instead of horizontal because it is more interpretable as increasing"
1143.0,3,"Overlapping data and no legend found in the graph, this makes it difficult to fully understand the main takeaway.",2,"The different colors are explained in the caption, but it is better to have a key, and the graph hard to read with the label intersections",5.0,easily interpretable,1.0,"There is no clear explanation about the comparison between the trend lines, and no takeaway can be taken both chart and caption"
1215.0,3,"The chart presents various categories using box plots, symbols like diamonds and individual data points. The graphs uses colors and symbols which adds complexity. Furthermore, the caption provides detailed information about the each element but it takes time to understand. Visual elements make it somewhat confusing.",5,Both are pretty easy to understand.,2.0,seems a bit cluttered to me,2.0,The mention of min and max in the bar graph is little misleading when checking the bottom bars for negative change
1439.0,3,"The chart uses different symbols and color to represent various ranges. While the legend and the caption provide the needed context, the multiple data points and lines can be a little confusing to interpret at first glance.  ",5,"Both are pretty easy to understand, but the caption can be better.",2.0,"The caption does not include the gist of the visualization, also does not explain correlation between data attributes",2.0,The comparison between the lines are not clearly mentioned in the caption and chart
213.0,2,Caption does not fully summarize the main points. ,2,"The caption doesn't describe the trend, and the graph is hard to read. ",1.0,The chart seems very confusing. It does not have proper y-axis legend,2.0,"I can see the trend in the chart, but it is not straight forward to get the trend without proper context provided. Not clear on what the takeaway is. "
236.0,2,Difficult  to interpret the representation of temperature projections.,2,The graph is very hard to read with all the tiny symbols. ,2.0,"The caption is too lengthy, the charts are cluttered but still interpretable.",3.0,Difficult to read labels
604.0,2,Detailed caption but hard to compare the categories,3,"The caption is very long-winded, and the graph labels are hard to read. ",3.0,Chart is a bit cluttered and the caption is too big,4.0,Easy to compare categories
676.0,2,"- Hard to understand the graph, as there are 2 graphs in the big graph 
- The chart has 2 y-axis and it is visually complex. 
- There is no legend for the different colored lines.",2,The graph is very hard to read.,3.0,"chart is cluttered, caption is monotonous ",4.0,Easy to understand
758.0,2,Multiple elements makes it confusing and also the clarity of the second graph is not clear even after zooming in. The color coding and symbols help but the complexity of the data require effort to interpret. ,2,"The caption explains the graph labels well, but the graph is hard to read. It is hard to tell the difference in colors and labels, especially in the box and whisker plot. ",3.0,The chart seems cluttered to me and also the caption is monotonous,3.0,Labels are not clear
846.0,2,"Complex bar chart under multiple scenarios for the year of 2050. While the caption provides detailed information about the scenarios. But the chart itself is cluttered with multiple bars for each region and scenarios, making it difficult to grasp what is the main takeaway. The overlapping data and use of different colors add more to the confusion. ",5,"Both are easy to interpret, the color coding is well done. ",2.0,The main takeaway and the explanation of the discrepancy are not provided,1.0,There is no clear explanation about the chart and also no clear takeaway mentioned in the caption.
898.0,2,"Although there is a legend in the chart, the multiple lines representing different regions is confusing. The dual y-axes add more to the complexity, making it harder to quickly analyze the chart. ",5,Both are easy to interpret.,2.0,The caption does not talk about the main takeaway. Caption does not explain the trend observed,1.0,No clear trend explained in the caption
998.0,2,"Multiple data points and the vertical and horizontal dashes line, increase the complexity of the data as the reader has to interpret multiple aspects of the chart. ",5,Both are easy to understand.,2.0,Caption does not explain the corelation between two data expressed in the visualization,3.0,The chart is confusing to understand and also the reference lines along y-axis is little confusing
1100.0,2,"The graph's resolution is low, the graph is blurry. There is no legend present, explaining the different colors and what do they mean. The caption is detailed which helps in understanding the graph's context. ",2,"The caption is good, but the graph labels are hard to read. ",3.0,Caption is too big,4.0,Easy to compare categories
1112.0,2,Multiple lines and different colors make it hard to interpret the main takeaway. The detailed caption makes it a little easier to understand the potential economic growth over time. ,1,"The caption doesn't explain the graph well, and the graph is very hard to read with the many unlabeled intersecting lines.",1.0,Cluttered without propoer legend,2.0,"The lines are overlapping on each other and mentioning of some axis notation on the right side, which is not clear"
1153.0,2,The caption does not summarize the main trend of the graph and overlapping lines with the different data sets makes it hard to follow the trends.,4,"The caption can better explain the trend, and the graph is a little hard to read but understandable. ",2.0,The caption does not mention the main takeaway.,1.0,"The caption does not justify chart, no clear explanation and takeaways provided"
1206.0,2,"The chart includes multiple categories with detailed visual elements, overlapping data points, and addition symbols like red diamonds, all of which make it hard to interpret. despite the detailed caption, the overall presentation requires significant effort to comprehend the main takeaways. ",5,Both are easy to understand.,3.0,takes time but understandable,4.0,Easy to compare categories
1400.0,2,The chart includes comparisons between pink and blue countries across different time periods. The comparison between the different scenarios takes careful interpretation to understand the main takeaways. Multiple elements and detailed context makes it somewhat confusing. ,1,"The caption is okay, but the graph lines are very hard to understand. The differences in representation is very small that it is hard to tell. ",3.0,"Bit cluttered, ",3.0,"The lines are clearly not mentioned in the caption and the chart, making it difficult to interpret the chart"
1510.0,2,"The visualization includes multiple categories such as causes, consequences, and costs separated into 3 sections for developing, developed, and global totals. Each section includes graphs for sub-categories for dryland loss, wetland loss, etc. The caption provides little information about the main takeaway. While the visualization effectively conveys the potential impacts, the multiple elements and details to focus on make it somewhat confusing. ",5,Both are easy to understand.,3.0,Caption does not augment the chart. Caption does not explain the trend observed in the chart. Caption does not explain the correlation between data attributes,3.0,"The caption doesn't seem to mention trends in the chart, and what to follow in the chart. Caption is too small without any details"
1615.0,2,"The chart has 1 main panel with 4 additional panels. This adds complexity. The caption provides context about the factors and contributions which is informative. But, making the comparisons between the different factors makes it difficult to interpret. ",4,"Both are pretty good, but in the first graph the black and red are hard to read. ",3.0,"The caption surely augments the visualization, but the problem is it does not describe the trend or provide an explanation for that. But it describe different factors/terms for different figures well.",4.0,Caption is lengthy providing detaled context but not enough to summarize the main takeawat or highlighting the most important trend.
1633.0,2,"The visualization has multiple panels, making it difficult to focus on one panel. The different changes are shown and each panel uses different colors but since there are too many of the little panels, it becomes hard to make any observations. The caption is very detailed about the visualization, but it is too long it read, although it summarizes the main trend. I have to zoom in to see the dashed lines and the solid lines to make any interpretation.",4,"The caption is good, but the graphs are a little small. ",4.0,Caption can be bit smaller,4.0,"The visualization is complex, and caption is lengthy without clearly summarizing the main trend. The main takeaway could be more highlighted in the caption."
1659.0,2,"The visualization includes 4 panels showing different precipitations for different countries. The use of multiple panels adds to the complexity. Furthermore, the caption is very detailed about the context and while it is informative, the detailed context is hard to interpret. The chart shows different ratios for each panel, and it takes time and careful interpretation to understand the difference between the models. ",1,"The caption is okay, but the symbols and labels on the graph are hard to read. ",3.0,"The caption provides the full form of the models and provides the overall description regarding the placement of the figures, but the overall takeaway is missing.",2.0,"The legend seems to be crowded, making it difficult to distinguish between the models, and overlapping datapoints add some visual clutter. Caption does not mention any key trend."
1748.0,2,Multiple panels make it hard analyze the full context of these graphs. The caption is detailed but it takes time to analyze.,4,"Both are pretty easy to understand, but the graph labels can be bigger.",3.0,The caption does not provide information regarding the correlation of the trends visualized in the figures. It also does not describe the trends.,1.0,"The year are not consistent between the left top (a) and bottom charts (b,c), which in overview inferring same years."
1750.0,2,"This visualization includes multiple 3D bar graphs with the use of multiple components adds complexity. The caption provides extensive context about the experiments and scenarios, which is informative but also adds to the overall complexity.",5,Both are easy to interpret.,1.0,"(a), (b) indication is absent in the figure, which makes it very confusing to understand",2.0,"The 3D charts are making it difficult to compare values, and color encoding is not intuitive, and the caption does provide details about the terms but does not summarize the main takeaway."
1802.0,2,The terminology and detailed context adds to the complexity. The scatterplot involves technical terms which require previous knowledge to fully understand. ,4,"The caption is okay, but the graph format should be different.",2.0,"A description of the main takeaway, when those two lines interact, and what it means were required.",2.0,Even after close look in chart and caption it is not clear.
1838.0,2,"The caption provides a detailed description of the each panel, but it can be hard to compare each panel and compare data. The complexity in the last panel makes it somewhat confusing. ",5,Both are pretty easy to understand.,2.0,"The visualization seems a bit cluttered, also the caption does not describe the trends or compare the three models.",3.0,"The charts are very dense, with overlapping lines, the caption is comprehensive but it does not clearly summarize the main takeaway"
1911.0,2,There are multiple components and details that need to be focused on which make it somewhat confusing. The legend doesn't include what the solid and dashed lines mean. Confusing to find the main trend of the chart. ,4,"The caption is okay, but the graph should include info about what the vertical lines stand for, and format the data differently visually.",3.0,"The caption describes the figure well, but including the main takeaway would be more helpful.",4.0,Takes some time to understand there are different countries
2050.0,2,"Different colors and symbols are used for different purposes, but it can be confusing to understand what they mean. The chart includes many panels which adds to the complexity and makes it harder to get an overall main takeaway of the date. The caption doesn't summarize the main trend. ",4,"The caption should explain the context better, and the graph should have a key for each data point.",5.0,easy,2.0,"Caption provides information regarding the chart, but does not mention any trends, and comparison of various charts since they are combined. No clear takeaway"
2105.0,2,"The chart shows a comparison between the historical observations, present simulations, and future climate projects. however, the multiple components, and the lines on b,c,and d make it hard to interpret which makes it somewhat confusing. Although the caption explains what the lines mean it is still hard to get an overall picture of the main trend. ",5,Both are understandable.,2.0,It does not talk about the main gist. It also does not compare between the time range.,2.0,The bell curves are drawn in different time range which is difficult to compare or understand
2125.0,2,"The caption is complex and takes time to interpret Th charts use different colors and liens to show the historical and project changes. The clear axes and legends somewhat help in understanding. However, just looking at the chart won't help in the interpretation. The bar on the right side is also hard to see and see the ranges. ",5,Both are easy to understand.,2.0,The caption does not compare the correlation between the temperature change and forcing.,3.0,"The caption provides the process, but does not provide clear explanation of the trends and comparisons."
2254.0,2,"The chart has labels that are heard to read. There is no legend present in the chart. The caption is too long, and it takes time to interpret the main findings. ",4,"Both are pretty easy to understand, but a few labels on the graph are blurry. ",3.0,Caption can be shortened,2.0,"The chart represented in different colors, but no label mentioned what color means"
2262.0,2,"The caption provided gives detailed context about the data sources, but it is hard to find a main key takeaway without spending some time understanding what each line style/colors mean. ",4,"The graph should include a key to explain the colors, and the lines overlap a lot. The caption is good.",2.0,It should talk about the trends and also correlate between CO2 and global surface warming,2.0,"There are many overlapping lines in the charts, which require a takeaway message but not mentioned in the caption"
2276.0,2,The chart uses different scales to represent the different datasets which makes it somewhat confusing to interpret the data. The caption also does not summarize the main trend. ,4,"The caption doesn't explain the trend of the graphs well, and the graphs should be separated   instead of placed together on the same axis.",1.0,The caption does not complement the plots. It should add the main takeaway from the visualization,4.0,It is better to have separate lines in between different categories to increase interpretability in my opinion
2300.0,2,"The 3 panels show different results, it hard to compare them. The caption does a good job of explaining what the trends are, but the detailed context adds complexity.  Furthermore, the chart includes grey region that the lines go into which also makes it somewhat confusing. ",5,Both are pretty understandable. ,2.0,A bit confusing,4.0,"The caption does mention some trends relating the charts, but does not give overall takeaway"
2327.0,2,"Each panel uses different colored lines and symbols to represent different models. However, the use of multiple colors and lines make it somewhat challenging to grasp the main trends. ",4,"For the bottom graph, some of the graph lines are hard to read, and the caption should explain the trend.",1.0,"The caption should include the main takeaway, compare the trends and explain it.",4.0,"The caption mentions how the charts are related to each other, but not fully mention the clear takeaway message"
2152.0,2,The use of multiple components adds to the complexity of interpretation. The use of technical terms makes it somewhat confusing. The caption provides thorough context but the details add more complexity. ,5,"Both are easy to interpret, and display the trend well.",2.0,The caption should include the main gist of the figures.,3.0,The bottom chart is less interpretable and caption does not provide any clear takeaway message
2194.0,2,The use of error bars and different symbols help in understanding the data but it is also difficult to see the error bars for (a). The detailed information can be too much for some viewers. ,5,"The caption is very lengthy, but both are understandable.",2.0,The caption should be short,1.0,The x-axis label is very confusing unable to determine the ticks with years
2215.0,2,"The visualization includes 2 panels, the use of multiple components in each panels makes it somewhat challenging to quickly grasp the main trends. the caption provides detailed context about the dat. While it is informative, it also adds complexity. ",4,"The caption is good, but the graph formatting could be better.",2.0,The 1st visualization seems confusing,4.0,Caption and chart both are required to interpret
242.0,1,Difficult to interpret the main takeaway. There is no legend. The bars at the end of the orange envelope are blurry. ,3,"The graph is hard to read, and the caption doesn't explain the trend.",1.0,"The caption is lengthy (but I think it was needed as the charts carry a lot of information), but the visualization is very cluttered, having envelopes and bars over to each other ",3.0,More details are required to know about the takeaway for the chart
909.0,1,"Caption is too long, multiple bars and categories make it confusing to understand what the main takeaways are.  Although, the chart is labeled the layout is dense. ",4,"The graph is well made, but the caption can be more straight to the point. ",3.0,The caption is too large,3.0,"The caption does not fully interpret the trends in the chart, though it explains about the labels and wordings used and their relations, there is no clear explanation provided"
950.0,1,"Too many graphs, graph is blurry, low resolution. Multiple bar plots and scenarios add to the complexity.",1,"The caption is good, but the graphs are very hard to read, especially the smaller ones. ",2.0,Seems cluttered to me,3.0,Difficult to read labels in chart
1068.0,1,"Too much information is provided in the chart, even though there is a legend, multiple data points and symbols make it difficult to interpret.",1,"The caption doesn't explain the trend, and the graph is very hard to read with the many labels intersecting each other. Even the graph key is hard to read. ",1.0,very cluttered,1.0,Many labels confusing
1087.0,1,"While the caption explains the context, the graph itself is very complex with multiple overlapping lines representing different time periods. The error bars also makes it more difficult to grasp the main takeaway.",4,"The trend is visible on the graph, but its a little hard to to tell the numbers corresponding to the labels. ",4.0,The main takeaway is missing,1.0,"The caption tells about annual average of the global mean sea level, but in the chart all the months inside an year is mentioned"
1146.0,1,"This visualization consists of 6 bar graphs, broken down into different regions and aerosols. The caption is detailed however the overall layout is cluttered with many bars, colors codes and error bars. The dense information make it difficult to quickly understand takeaway. ",4,"Both are pretty easy to understand, but the graphs could be bigger. ",3.0,takes time but interpretable,4.0,Easy to understand
1177.0,1,The graph includes multiple lines representing the different region but the scale bar and the lines all over the graph makes it hard to understand the visualization. ,1,"The caption can better describe the context, and the graph arrangement is hard to read, and it has no structure.",4.0,A common trend is observed in the chart. The caption does not expand on observed trend. Caption does not mention the causal effect.,2.0,"The caption does not state any trends in the chart, and no clear takeaways"
1178.0,1,"While the caption provides detailed context, the graph has too many lines that overlap which makes it difficult to graph the main trends. ",2,"The caption can better explain the trend, and the graph lines are hard to read, especially since the blue and green intersect a lot. ",4.0,Understandable,3.0,"The caption explained the elements used inside the chart like the process of calculations, but takeaway are not clearly mentioned"
1192.0,1,"While the caption provides details context, the graph includes multiple lines and double axes and complex data sources make it very confusing. ",5,Both are easy to interpret.,2.0,The main takeaway and an explanation is missing,3.0,"The caption mentioned about the terms in graph like N, N bar but the obvious trend is not explained"
1205.0,1,"The chart includes multiple overlapping lines representing different regions and uses both double x-axis and y-axis scales, adding to the complexity. The 4 charts make it hard to understanding the main trends. While the caption provides detailed context about the different location and data sources, but the overall layout makes it very confusing to interpret the main takeaway.",2,"The caption is okay, but the graph is very hard to read with the lines intersecting that much. ",3.0,A bit cluttered,3.0,"The caption provide some trends in the charts, but often refers to other charts or tables for more information"
1232.0,1,"There are 4 different panels with different scenarios and models, which adds complexity. Each panel contains multiple lines representing different models and further makes it complex. While the caption provides context, it is too long to read. ",1,"The caption is good, but the graphs are very hard to read with the intersecting labels, especially the bottom two. ",2.0,"The visualization is a bit cluttered, and the caption does not talk about the downward trends and does not explain it.",5.0,clear takeaway
1246.0,1,Multiple categories and visual elements with various lines makes it confusing. This visualization requires a lot of effort to interpret the main takeaway.,1,"The caption can better explain the trend, and the graph structure is very hard to understand.",4.0,interpretable,2.0,"The caption does not state any trends in the chart, and no clear takeaways"
1294.0,1,"The caption is too long, and the graph has multiple elements that represent with vertical bars with various colors lines and symbols, making it hard to read. The caption is too detailed, but it takes time to interpret the information. Furthermore, the compares multiple models which requires careful interpretation. ",1,"The caption can explain the trend better, and the graph is very hard to read with all the different symbols and lines close together.",2.0,CLuttered and large caption,4.0,Easy to compare categories
1326.0,1,"Too much information is provided in 1 graph. If possible, it would be helpful to see 4 different graphs to help understand the information better. The image is very blurry so it's hard to read .",1,"The caption is good, but the graphs are completely unreadable. None of the labels and points can be seen clearly.",1.0,The visualization seems hard to interpret,2.0,Difficult to read labels in the chart
1576.0,1,"I cannot see the symbols as it is overlapped and are also cluttered. The chart has 4 graphs with different information presented in each, making it difficult to interpret them easily. The multiple components make it difficult to find it's distinctions between the time and reconstructions. ",1,"The caption can be more straight-forward, and the graphs are unreadable with all the symbols and colors intersecting. ",2.0,The charts seem a bit cluttered with large captions,2.0,Caption have too many citations lost while reading caption and also many visual elements present
1751.0,1,There are different colored triangles shown in one of the graphs is confusing. Making a comparison between the two graphs is confusing.  Multiple elements and detailed context make it confusing to understand.,4,"The caption is good, but the graph points/lines are hard to differentiate.",2.0,"The visualization is cluttered. Also, the caption does not describe small upward trend and does not compare the two figures.",2.0,The labels are not clearly mentioned in charts
1821.0,1,"There are multiple panels in this visualization, it is hard to tell what each colors mean. Too much information to process so cannot find a main clear takeaway.",2,"The caption can be improved to explain the context and trend better, and the various graph symbols and colors are hard to interpret, especially since they are small and clustered.",4.0,Interpretable,4.0,"The inclusion of reference line increases the interpretation. However, the chart uses several technical terms and may require extra effort to understand, and it does not provide clear takeaway"
1946.0,1,"There are multiple lines that overlap, and there are variations of lines (dashed, dotted, straight) which is difficult to see. The caption is long and although it is informative, it can be confusing to understand. Trying to get a main takeaway can be hard. ",4,"The caption is good, but the graph lines are very clustered and hard to read.",2.0,"The overall trend is easily noticeable, but the caption is unnecessarily large",3.0,"The chart is visually dense, with overlapping lines and there are many abbreviations. The caption is comprehensive and provides detailed methodology, but it is lengthy and does not summarize key takeaway"
1953.0,1,"The various data points for different models and the alternate observational datasets adds to the complexity of chart. While the caption is concise and informative, understanding the data points and different variables can be overwhelming. ",4,"The caption is okay, but the graph points are hard to read.",5.0,Easily interpretable,2.0,"The chart is visually cluttered, with overlapping points and numbers. The radial axis does require some more indepth understanding. And caption is lengthy and does not summarize takeaway"
1963.0,1,"There are six scatter plots divided into two panels, showing different relationships between observed vs model values. This adds complexity to the chart, making it difficult to interpret the data. The chart also uses dashed lines which make it hard to understand what the main takeaway is.",4,"The caption is good, but the graph should also have a key for the different lines.",2.0,The caption does not include the main takeaway and the comparison between the data of different plots (how the trends from different plot correlate),3.0,The chart is visually dense and also there is some logarithamic axis which is getting covered by data points. Caption does not summarize takeaway clearly.
2007.0,1,Too many pixelated colors on each panel makes it very difficult to understand the main takeaway. It is also somewhat blurry. ,5,Both are pretty understandable.,2.0,"Seems cluttered, and large caption",2.0,"The range in the color scale are different, which is confusing when looking together"
2008.0,1,"The chart contains a lot of information in one visualization, which can be overwhelming. The color scale also makes it difficult to quickly graph the importance of variations shown in the charts. ",4,"The data on the graph is overlaps a lot, so it is a little hard to read, and the caption is good.",4.0,Interpretable,5.0,Caption summarize trends in charts
2052.0,1,"The chart is very blurry, and it is hard to interpret anything
",1,"The caption doesn't explain the context or trend. The graph is very blurry, the data overlaps a lot, and the entire graph is very hard to read.",3.0,The caption should be more informative.,2.0,labels are not clear
2074.0,2,"multiple panels would have made it easier to read the chart, stacking charts with different labels for y-axis makes it difficult to read. Individual components of the chart are easy to read. A lot of information is encoded in the chart making it overwhelming to look at. Caption does not give the necessary context. Takeaway message is not clearly mentioned in the caption.",3,"multiple panels would have made it easier to read the chart, stacking charts with different labels for y-axis makes it difficult to read. Individual components of the chart are easy to read. A lot of information is encoded in the chart making it overwhelming to look at. Caption does not give the necessary context. Takeaway message is not clearly mentioned in the caption.",2.0,New color is added without any indication of what it presents,1.0,addition to my previous comment they is no clear takeaway message
2103.0,2,"chart shows different attributes in a shared y-axis. Chart would be easire to read if it was divided into multiple panels. Legend required to understand chart components in not available in the chart. Use of dual axis makes it more confusing to read the charts. The caption does not clarify what chart components represent. Caption does not clearly state the takeaway message, does not expalin the observed pattern. definition of shaded region in the caption helps understand the chart but does not give a clear idea of the intent.",1,"chart shows different attributes in a shared y-axis. Chart would be easire to read if it was divided into multiple panels. Legend required to understand chart components in not available in the chart. Use of dual axis makes it more confusing to read the charts. The caption does not clarify what chart components represent. Caption does not clearly state the takeaway message, does not expalin the observed pattern. definition of shaded region in the caption helps understand the chart but does not give a clear idea of the intent.",2.0,"The caption should talk about the trends, compare them and explain the reason behind the trends.",1.0,"addition to my previous response, the left part gives the difference from the years, but not clear about the representation on the right side"
2138.0,2,Caption mentions source of the but is not a valuable information. Use of different encoding techniques to represent data in the chart makes it difficult to understand what each point shows.,2,Caption mentions source of the but is not a valuable information. Use of different encoding techniques to represent data in the chart makes it difficult to understand what each point shows.,2.0,Visualization is cluttered,3.0,There is no takeaway message mentioned in the caption or can be interpreted from the chart on which category is more suitable and stable.
2141.0,3,"clutter in the chart is overwhelming. Shared axis show use the same scale and unit making it easy to read the chart. since color and spatial regions are used to encode an attribute, it is easy to read the chart even if a legend for color usage is not provided. Caption clearly states the takeaway message and summarizes the observed patterns in the graph making it highly interpretable.",4,"clutter in the chart is overwhelming. Shared axis show use the same scale and unit making it easy to read the chart. since color and spatial regions are used to encode an attribute, it is easy to read the chart even if a legend for color usage is not provided. Caption clearly states the takeaway message and summarizes the observed patterns in the graph making it highly interpretable.",4.0,Interpretable,2.0,"Though the caption does mention some trends, but there are no clear comparison or takeaway message which can be drawn from chart and caption"
2348.0,3,"caption describes what is shown in the chart which is not useful -- caption should add more information to the visualization instead of being an extension to the chart. Althought the chart looks cluttered, trend is clearly visible in the chart leading to an easily interpretable takeaway message. The chart uses inconsistent y-axis so the observed increase rate is not reliable. ",2,"caption describes what is shown in the chart which is not useful -- caption should add more information to the visualization instead of being an extension to the chart. Althought the chart looks cluttered, trend is clearly visible in the chart leading to an easily interpretable takeaway message. The chart uses inconsistent y-axis so the observed increase rate is not reliable. ",1.0,The caption does not talk about the trends and how they correlate.,3.0,Caption does not summarize the clear takeaway message
2354.0,4,Caption clearly concludes the takeaway message. The clutter in the chart is ovewhelming.,4,Caption clearly concludes the takeaway message. The clutter in the chart is ovewhelming.,1.0,The caption missed the gist and did not talk about the discrepancy in the comparison of the trends seen between the two plots.,3.0,"The caption does provide methodology, but does not explain the takeaway message. And also the chart is having many overlapping lines"
2251.0,1,Caption provides important information but chart legend is repeated in the caption which is distracting. Restructuring the chart to highlight takeway message would make it easier to interpret. Trend is easy to read in the chart but multiple axes with different ticks makes the observed trend unreliable.,1,Caption provides important information but chart legend is repeated in the caption which is distracting. Restructuring the chart to highlight takeway message would make it easier to interpret. Trend is easy to read in the chart but multiple axes with different ticks makes the observed trend unreliable.,2.0,"Caption should mention the overall trends of different plots, should include how they correlate.",3.0,"The are many charts with overlapping lines hard to track across many charts, and caption is lengthy and does not provide takeaway message"
149.0,1,legend for colors used in the chart are not defined. Axes used in the chart are nod labeled. The chart is annotated but the context required to understand the annotations are not given in the caption. Difficult to connect caption to the chart.,2,legend for colors used in the chart are not defined. Axes used in the chart are nod labeled. The chart is annotated but the context required to understand the annotations are not given in the caption. Difficult to connect caption to the chart.,3.0,The visualization seems cluttered and the caption does not provide enough information,2.0,The slanted lines and clustering of points make it hard to follow trends or get clear takeaway. The caption provide some summary but does not summarize the main takeaway
152.0,1,chart is exteremely cluttered and lack proper labels. Goal of the visualization is unclear and is not mentioned in the caption. The caption also does not summarize the takeaway message. Caption does not provide context necessary to understand the chart.,1,chart is exteremely cluttered and lack proper labels. Goal of the visualization is unclear and is not mentioned in the caption. The caption also does not summarize the takeaway message. Caption does not provide context necessary to understand the chart.,3.0,"The visualization is cluttered, and also the caption is a bit lengthy.",2.0,"The visualization contains many overlapping lines, making it difficult to identify trends. It is visually cluttered. Caption provides context and explains what is being compared, but it doesn't summarize the takeaway."
188.0,2,caption does not explain the trend so the takeaway message is not clear. Caption does not provide anay context necessary to understand the chart.,3,caption does not explain the trend so the takeaway message is not clear. Caption does not provide anay context necessary to understand the chart.,3.0,"No explanation of the trend is provided, which is needed to interpret the chart.",2.0,"There are many labels mentioned in the chart, and also shown inside the visualization, but it is confusing because the are no proper starting line or only a single point. Caption provides some context about the data sources and a note about an outlier, but there is no clear summary of main trends."
196.0,4,Components of the chart are clearly labeled and well annotated. Caption summarizes the visualization. Caption expands on the visualization components.,4,Components of the chart are clearly labeled and well annotated. Caption summarizes the visualization. Caption expands on the visualization components.,3.0,caption does not explain trends. caption does not include takeaway message from the observed trends,4.0,"The bar chart clearly explains the change in trends using the color-coded segments and triangle to indicate total change. However, caption is dense and uses technical terms, which is making to read the caption again or taking more effort to read them. The takeaway requires some re-readings."
290.0,4,caption is detailed and explains labels of the chart and data used to create the visualization. Caption guides in reading the chart which helps in getting the takeaway message. Use of grid in the 3D chart makes it easy to read. The chart has prominent patterns but takeaway message is not clear.,4,caption is detailed and explains labels of the chart and data used to create the visualization. Caption guides in reading the chart which helps in getting the takeaway message. Use of grid in the 3D chart makes it easy to read. The chart has prominent patterns but takeaway message is not clear.,3.0,"The chart is precise and clear, but the caption is too large.",2.0,I am not able to compare between the bars and it is difficult to compare categories
650.0,5,Pattern of trend in chart is easy to understand. Caption helps in understanding annotations used in the chart. Caption clearly states the takeaway message and provides required context to read the cahrt.,5,Pattern of trend in chart is easy to understand. Caption helps in understanding annotations used in the chart. Caption clearly states the takeaway message and provides required context to read the cahrt.,5.0,easy to interpret,2.0,The caption does not fully represent the chart and also little unclear about B2 scenarios.
765.0,2,Caption describe the chart and helps to grasp low level messages. Caption does not provide any context or takeaway message. Caption does not describe observed patterns. Chart does not include legend for encodings.,2,Caption describe the chart and helps to grasp low level messages. Caption does not provide any context or takeaway message. Caption does not describe observed patterns. Chart does not include legend for encodings.,4.0,caption is too large,3.0,"The caption provides the context of the labels and its uses, but not clearly explaining the comparison between the categories"
859.0,3,The axes title are descriptive in the chartwhich helps in understanding the pattern and overall takeaway message. Caption does not add any value.,4,The axes title are descriptive in the chartwhich helps in understanding the pattern and overall takeaway message. Caption does not add any value.,4.0,Caption does not elaborate on abberviations used in the chart,4.0,Easy to compare
882.0,4,"Caption summarizes the message shown in the chart however, domain knowledge is required to get a clear takeaway message. Chart is easy to read and low level message is easy to grasp",3,"Caption summarizes the message shown in the chart however, domain knowledge is required to get a clear takeaway message. Chart is easy to read and low level message is easy to grasp",2.0,"The caption does not explain the visualization, nor it mention the main takeaway.",5.0,clear takeaway
547.0,3,title of subplots in the visualization are included in the caption. Chart does not have legend of the colors used. caption does not provide sufficient context of the chart.,2,title of subplots in the visualization are included in the caption. Chart does not have legend of the colors used. caption does not provide sufficient context of the chart.,3.0,The main takeaway is missing in the caption. It should talk about the comparison among the vehicle types.,3.0,Difficult to read labels
292.0,2,Patterns in the chart are prominent but a takeaway message is unclear. Chart does not have axes labels.,3,Patterns in the chart are prominent but a takeaway message is unclear. Chart does not have axes labels.,3.0,The main takeaway is missing. More detailed caption would be helpful,1.0,"The chart mentions some dots in the charts which is not clearly explained in the caption, and no clear takeaway"
413.0,2,caption only describes the chart. chart does not include legend for colors used. Low level message is easy to grasp from the chart. Key takeaway of the visualization is not mentioned in the caption.,2,caption only describes the chart. chart does not include legend for colors used. Low level message is easy to grasp from the chart. Key takeaway of the visualization is not mentioned in the caption.,2.0,Caption on reiterates the visualization in detail which is not helpful in getting an overall understanding.,1.0,"Both caption and chart is not useful to interpret the trend and also labels are missing in chart, and caption does not provide a takeaway"
442.0,2,Marks in the chart overlap causing visual clutter. Abberviations used in the chart are unclear. Caption does not describe the visualization. Cption does not prodive context of the data. Multiple plots are placed close to each other in the chart. legend for multiple symbols used in the chart are not given.,1,Marks in the chart overlap causing visual clutter. Abberviations used in the chart are unclear. Caption does not describe the visualization. Cption does not prodive context of the data. Multiple plots are placed close to each other in the chart. legend for multiple symbols used in the chart are not given.,2.0,"The visualization indicates a lot of information, but explanation/context/legend is not given",3.0,Difficult to read labels
2018.0,4,"the chart has difficult to see axes labels but trend show easy takeaway. Chart does not have legend for colors used. Multiple graphs used but relation between them is not clear. 
Caption has data source which isn’t important. Caption describes trend which adds to length which is distracting. Caption provides context but doesn’t have enough information. Caption does not indicate the takeaway message.",3,"the chart has difficult to see axes labels but trend show easy takeaway. Chart does not have legend for colors used. Multiple graphs used but relation between them is not clear. 
Caption has data source which isn’t important. Caption describes trend which adds to length which is distracting. Caption provides context but doesn’t have enough information. Caption does not indicate the takeaway message.",3.0,The caption describe the trends for the plots individually but does not compare the plots or explain the reason behind the trends.,3.0,"The caption explains about the trends hidden in brackets with just one wording, but not explaining the high level takeaway using all the charts. And also the labels are not clearly mentioned"
2025.0,2,"multiple graphs in one view are difficult to read. Visual clutter makes it difficult to read the chart. The visualization is complex and difficult to understand.
Caption describes chart components. Caption does not describe the trend or takeaway is needed. Caption has reference to the context but inline summary of context would be useful.",1,"multiple graphs in one view are difficult to read. Visual clutter makes it difficult to read the chart. The visualization is complex and difficult to understand.
Caption describes chart components. Caption does not describe the trend or takeaway is needed. Caption has reference to the context but inline summary of context would be useful.",2.0,"The caption should talk about the discrepency in the correlation of interquirtile range and max-min range, also the overall trend and the comparison between the trends.",2.0,"The chart seems to be cluttered, and also no clear trend mentioned in the caption. Caption contains explanation of terms used like box plot, and what lines are drawn for but no clear takeaway"
2060.0,4,Caption describes the visualization. Caption does not explain the trend. Lack of domain knowledge makes it difficult to read the chart. Key takeaway is not clear looking at both. Shared x-axis in the chart helps to compare the different data attributes plotted in the chart.,5,Caption describes the visualization. Caption does not explain the trend. Lack of domain knowledge makes it difficult to read the chart. Key takeaway is not clear looking at both. Shared x-axis in the chart helps to compare the different data attributes plotted in the chart.,1.0,"The caption does not explain the table, which make it tough to interpret",3.0,Caption doesn't seem to mention about the comparison between the bars and also what to infer from the charts
2064.0,2,The chart is cluttered. Details about the source of the data in the caption is distracting. Caption defines the components used in the visualization. Caption does not mention the key takeaway and or summarize the trend. Caption is difficult to understand. Some claims made in the caption cannot be observed in the chart.,2,The chart is cluttered. Details about the source of the data in the caption is distracting. Caption defines the components used in the visualization. Caption does not mention the key takeaway and or summarize the trend. Caption is difficult to understand. Some claims made in the caption cannot be observed in the chart.,1.0,Cluttered and hard to interpret,4.0,Both caption and chart are useful
2117.0,3,Caption contains context required to understand the visualization. Caption explain the chart well. Caption does not mention the key takeaway message. Use of 3D visualization in the chart makes it difficult to extract values in the z-axis. The chart gives an idea of the key takeaway message.,4,Caption contains context required to understand the visualization. Caption explain the chart well. Caption does not mention the key takeaway message. Use of 3D visualization in the chart makes it difficult to extract values in the z-axis. The chart gives an idea of the key takeaway message.,3.0,axis indices of the 3D visualization is a bit confused,1.0,"The chart is 3D which is difficult to get the exact comparison between the years, and caption mentions some terms and time-series chart, but no clear takeaway"
2163.0,4,Caption describes the labels and patterns observed which is useful. The chart is extremely cluttered making it difficult to grasp the key takeaway message. A pattern can be observed in the chart but the intended message is not clear.,4,Caption describes the labels and patterns observed which is useful. The chart is extremely cluttered making it difficult to grasp the key takeaway message. A pattern can be observed in the chart but the intended message is not clear.,3.0,"Visualization seems a bit cluttered, caption seems a bit long with irrelevant information",4.0,"Though there are too many labels mentioned in the chart, but the caption and chart represent a clear takeaway message."
2253.0,4,Chart uses different shapes to encode categorical information which is difficult to read. Caption gives context required to read the visualization. Caption does not clearly state the takeaway message. The goal of the visualization is clear using both.,4,Chart uses different shapes to encode categorical information which is difficult to read. Caption gives context required to read the visualization. Caption does not clearly state the takeaway message. The goal of the visualization is clear using both.,1.0,"The visualization is cluttered, It should talk about the correlation between uncertainty ratio for 10-degree latitude bands in
control simulations and difference between the control and doubled
greenhouse gas simulations",3.0,"The chart is visually dense because of some similar labelling, and caption does not have summary"
2293.0,4,Collective trend and outliers are easy to detect in the chart making the overall message clear. The caption summarizes the visualization. Caption includes references to the data source which is not helpful.,3,Collective trend and outliers are easy to detect in the chart making the overall message clear. The caption summarizes the visualization. Caption includes references to the data source which is not helpful.,3.0,Visualization is cluttered,2.0,"The visualization is cluttered, and overwhelming"
2364.0,2,Caption is wordy and uses a lot os domain specific technical terms and references. Caption does not explain the abberviations used in the chart. Use of abberviations in the chart makes it difficult to understand. Caption does not contain useful message. Lack of domain knowledge makes it difficult to understand the goal of the visualization.,3,Caption is wordy and uses a lot os domain specific technical terms and references. Caption does not explain the abberviations used in the chart. Use of abberviations in the chart makes it difficult to understand. Caption does not contain useful message. Lack of domain knowledge makes it difficult to understand the goal of the visualization.,4.0,Interpretable,2.0,"Caption does not clearly mention about the trend lines in the chart, more focused on the references"
869.0,3,Low level understanding is easy to grasp as the graph uses shared color encoding across multiple panels. . The caption contains domain knowledge required to understand the graph which causes lengthy caption but does not clearly state a takeaway message.,3,Low level understanding is easy to grasp as the graph uses shared color encoding across multiple panels. . The caption contains domain knowledge required to understand the graph which causes lengthy caption but does not clearly state a takeaway message.,2.0,"Too large caption, and the charts can be improved, proper axis labels seems missing which make it confused to interpret",1.0,The chart is too complex with many visual elements to compare between and labels are kept in between two charts making it difficult to interpret for which chart it is.
1214.0,4,The graph alone is sufficient to get an overall message. Use of color encoding along z-axis of the 3D chart aids in identification task. Use of multiple charts in a single panel requires remembering a lot of information while reading all the chart to get the over all message. the caption provides claims that are evident in the chart which is helpful in understanding the takeaway message.,4,The graph alone is sufficient to get an overall message. Use of color encoding along z-axis of the 3D chart aids in identification task. Use of multiple charts in a single panel requires remembering a lot of information while reading all the chart to get the over all message. the caption provides claims that are evident in the chart which is helpful in understanding the takeaway message.,3.0,"it also takes time, but interpretable ",3.0,Inconsistent scale use (year)
1225.0,1,The labels in the graph have low resolution which makes it difficult to understand the pattern visible in the graph. The caption does not provide information required to understand the visible patterns. Caption provides context of the graph through data description but does not help in understanding the overall take away message.,1,The labels in the graph have low resolution which makes it difficult to understand the pattern visible in the graph. The caption does not provide information required to understand the visible patterns. Caption provides context of the graph through data description but does not help in understanding the overall take away message.,4.0,The caption mentions the main takeaway,2.0,Difficult to read labels
1465.0,4,Simple representation of the graph makes it easy to perform low level information extraction. The graph does not label the color legend used making it difficult to get a clear takeaway message. The caption clearly mentions the visualization task and describes the labels used in the graph. The caption does not state the takeaway message.,4,Simple representation of the graph makes it easy to perform low level information extraction. The graph does not label the color legend used making it difficult to get a clear takeaway message. The caption clearly mentions the visualization task and describes the labels used in the graph. The caption does not state the takeaway message.,2.0,The caption should contain more information,2.0,No trend is highlighted in chart or mentioned in the caption
1503.0,4,Caption provides domain knowledge by explaining the meaning of axes labels. The length of the caption creates confusion. The takeaway message is clear after looking at both the chart and the caption,4,Caption provides domain knowledge by explaining the meaning of axes labels. The length of the caption creates confusion. The takeaway message is clear after looking at both the chart and the caption,2.0,Caption complements the chart by providing context. Caption does not mention the main takeaway,2.0,"The heatmap visualizes multiple elements using color gradients to indicate error magnitude. However, chart contains dense technical terms and abbreviations that are not fully explained in caption. The color scale is also not common practice"
1581.0,3,caption contains information missing in the graph and also provides information about how the data was processed. Caption does not clearly mention the key takeaway message. the overall takeaway message is clear from the chart. the use of intuitive color scale for temperature in the chart is helpful.,3,caption contains information missing in the graph and also provides information about how the data was processed. Caption does not clearly mention the key takeaway message. the overall takeaway message is clear from the chart. the use of intuitive color scale for temperature in the chart is helpful.,2.0,"The chart augments the visualization, as it provides information for white space or about the right and left panel, but it does not talk about the overall trend.",4.0,Easy to compare between different oceans
1917.0,2,Use of multiple panels in the graph is confusing. Use of shapes to encode categorical values in the graph is confusing. The chart does not containg legend for colors used. Caption explains the methodology but not bserved patterns of takeaway message. Context must be present in the cantion to understand the visualization.,3,Use of multiple panels in the graph is confusing. Use of shapes to encode categorical values in the graph is confusing. The chart does not containg legend for colors used. Caption explains the methodology but not bserved patterns of takeaway message. Context must be present in the cantion to understand the visualization.,2.0,The caption should describe the main takeaway (the trends in each plot) and also the relationship among the trends.,3.0,"The years are not consistent across the charts, initially inferring all are in same scale"
2211.0,2,The caption is not valuable as it only explains the data and methodology. Caption is lengthy without a clear takeaway message. Chart organization is confusing.,2,The caption is not valuable as it only explains the data and methodology. Caption is lengthy without a clear takeaway message. Chart organization is confusing.,3.0,Caption can be improved,3.0,"The caption is lengthy, and also does not mention clear takeaway message. "
2028.0,3,Chart doesnot contain labels for different mark types used. Chart uses dual axis making difficult to interpret the takeaway message. Caption describes the marks used in the chart. Caption explains the relationship between the two axes in the dual axis. shared axis makes it easy to compart across charts.,4,Chart doesnot contain labels for different mark types used. Chart uses dual axis making difficult to interpret the takeaway message. Caption describes the marks used in the chart. Caption explains the relationship between the two axes in the dual axis. shared axis makes it easy to compart across charts.,3.0,The caption complements the chart. But the gist and explanation are missing.,4.0,"The inverted axis in the y-axis is not visible in the first glance, overall the visualization is clear, but does not clearly state key message directly in the caption"
1845.0,4,caption explains statistics of the data shown in the chart which helps in reading the chart. the caption describes the chart and included labels required to understand the chart. The caption does not contain information that helps in understanding the takeaway message. The chart does not contain labels for marks used.,4,caption explains statistics of the data shown in the chart which helps in reading the chart. the caption describes the chart and included labels required to understand the chart. The caption does not contain information that helps in understanding the takeaway message. The chart does not contain labels for marks used.,2.0,"The caption does not mention the main takeaway, also does not explain it. ",4.0,"The visualization is clear and good for comparison, but the key message could be stated in the caption"
1949.0,2,"Caption describes the data used for creating the chart and also includes references to the source of data, which is not helpful in understanding the intended message. Caption does not explain the patterns visible in the chart. Annotations used in the chart are not understandable. Patterns visible in the chart are prominent and easy to read but the message shown by those patterns are unclear. Multiple charts used in the visualization are easy to comprehend because they are related.",2,"Caption describes the data used for creating the chart and also includes references to the source of data, which is not helpful in understanding the intended message. Caption does not explain the patterns visible in the chart. Annotations used in the chart are not understandable. Patterns visible in the chart are prominent and easy to read but the message shown by those patterns are unclear. Multiple charts used in the visualization are easy to comprehend because they are related.",2.0,The caption does not complement the chart. The main takeaway is missing,2.0,The lines overlap between the months in y-axis and caption does not fully summarize and address main takeaway trend.
1749.0,4,Chart is cluttered. chart has clear description of components used. color used in one of the subplots is not clearly visible. Caption further explains the components of the chart. Caption summarizes two of the subpolts and gives detailed explanation of one. Caption has a lot of information. Caption does not mention the takeaway message.,4,Chart is cluttered. chart has clear description of components used. color used in one of the subplots is not clearly visible. Caption further explains the components of the chart. Caption summarizes two of the subpolts and gives detailed explanation of one. Caption has a lot of information. Caption does not mention the takeaway message.,2.0,"The caption complement the charts, but  I am confused about which horizontal line they are talking about at .63 cel in (a)",2.0,"The axes are labeled, but interpreting the relationships and extracting the main trends is difficult, caption is lengthly and does not provide clear takeaway message "
