image_id,Claim_Without_Context,Claim_With_Context,,
1153,"1. The time series of annual global land precipitation anomalies shows a significant increase in precipitation from 1900 to 2005.
2. The decadal variations in the time series indicate that the increase in precipitation is not uniform and has some variability. (2 & 5)
3. The different data sets (GHCN, PREC/L, GPCP, GPCC, and CRU) show similar trends in the time series, indicating that the increase in precipitation is a global phenomenon.
4. The increase in precipitation is more pronounced in the latter part of the 20th century, with a significant increase in the 1990s and 2000s.
5. The decadal variations in the time series suggest that the increase in precipitation is not a linear trend, but rather a complex pattern with multiple peaks and troughs. (2 & 5)
6. The different data sets have some differences in the magnitude and timing of the decadal variations, indicating that the increase in precipitation is not a uniform phenomenon. (6 and 10 are same)
7. The increase in precipitation is more pronounced in certain regions or countries, with some areas experiencing a significant increase in precipitation while others experience a decrease.
8. The increase in precipitation is likely related to climate change, with changes in temperature and precipitation patterns contributing to the increase in precipitation.
9. The decadal variations in the time series suggest that the increase in precipitation is not a permanent trend, but rather a fluctuation that can be influenced by various factors.
10. The different data sets have some differences in the magnitude and timing of the decadal variations, indicating that the increase in precipitation is not a uniform phenomenon. (6 and 10 are same)","1. The trend in global annual land precipitation over the 106-year period from 1900 to 2005 is statistically insignificant.
2. The global mean land changes are not linear, with an overall increase until the 1950s, a decline until the early 1990s, and then a recovery.
3. The linear trends in the global land mean precipitation from 1900 to 2005 range from -7 to +2 mm per decade, with most of the trends being statistically insignificant.
4. The global land mean precipitation has increased until the 1950s, decreased until the early 1990s, and then increased again.
5. The trend in global land mean precipitation from 1979 to 2005 is also statistically insignificant.
6. The global land mean precipitation has increased in recent decades, but the trend is not statistically significant.
7. The trend in global land mean precipitation from 1900 to 2005 is not consistent with the trends in other climate variables, such as temperature and atmospheric CO2.
8. The trends in global land mean precipitation are affected by regional and local variations, making it difficult to interpret the global trend.
9. The trend in global land mean precipitation is not well understood and requires further research to determine its causes and implications.
10. The trend in global land mean precipitation has implications for understanding the global water cycle and the impacts of climate change on ecosystems and human societies.",,
1326,"1. The top three wheels in Figure 5.2 represent synergies, indicating that certain actions can have a positive impact on multiple SDGs.
2. The bottom three wheels in Figure 5.2 show trade-offs, indicating that certain actions can have a negative impact on multiple SDGs.
3. The coloured segments inside the circles can be counted to arrive at the number of synergies and trade-offs, with the length of the segments indicating the strength of the synergies or trade-offs.
4. The shading in the segments indicates the level of confidence in the synergies or trade-offs.
5. The energy demand sector, energy supply sector, and land and ocean sector all have various mitigation options that can be used to address climate change.
6. The figure suggests that some actions, such as increasing energy efficiency, can have a positive impact on multiple SDGs, while others, such as reducing energy demand, may have a negative impact on some SDGs.
7. The figure also suggests that some actions, such as increasing renewable energy, can have a positive impact on multiple SDGs, while others, such as increasing energy storage, may have a negative impact on some SDGs.
8. The figure indicates that there are trade-offs between different SDGs, such as energy and land use, and that some actions may have a negative impact on one SDG while having a positive impact on another.
9. The figure suggests that the most effective way to address climate change is to use a combination of different actions, such as increasing energy efficiency, increasing renewable energy, and reducing energy demand.
10. The figure indicates that the level of confidence in the synergies and trade-offs is generally high, with most segments having a moderate to high level of confidence.","1. The number of synergies exceeds the number of trade-offs for most mitigation options in the energy demand sector.
2. Mitigation response options in the energy demand sector, AFOLU, and oceans have more positive interactions with a larger number of SDGs compared to those on the energy supply side.
3. Accelerating energy efficiency in all sectors has synergies with a large number of SDGs.
4. The diffusion of efficient equipment and appliances across end-use sectors has synergies with international partnership and participatory and transparent institutions.
5. Resource and energy savings support sustainable production and consumption, energy access, innovation and infrastructure development, and sustainable city development.
6. Energy efficiency supports the creation of decent jobs by new service companies providing services for energy efficiency, but the net employment effect of efficiency improvement remains uncertain due to macro-economic feedback.
7. The number of synergies with all 16 SDGs exceeds the number of trade-offs for most mitigation options in the energy demand sector.
8. Most of the interactions are of a reinforcing nature, hence facilitating the achievement of the goals.",,
1581,"1. The temperature anomalies in the zonal mean temperature anomalies are relatively stable from 1900 to 2005.
2. The temperature anomalies in the ocean (SST) are generally higher than the temperature anomalies in the land (CRUTEM3) and land plus ocean (HadCRUT3).
3. The temperature anomalies in the ocean (SST) and land plus ocean (HadCRUT3) show similar patterns, with both having a peak in the 1990s. (3, 5, 8 and 9 are same).
4. The temperature anomalies in the land (CRUTEM3) show a more variable pattern, with a peak in the 1980s and a trough in the 1990s.
5. The temperature anomalies in the ocean (SST) and land plus ocean (HadCRUT3) are more stable and less variable than the temperature anomalies in the land (CRUTEM3).
6. The temperature anomalies in the zonal mean temperature anomalies are more stable in the ocean (SST) and land plus ocean (HadCRUT3) than in the land (CRUTEM3).
7. The temperature anomalies in the zonal mean temperature anomalies are generally increasing from 1900 to 2005. (7 adn 10 are same)
8. The temperature anomalies in the ocean (SST) and land plus ocean (HadCRUT3) are more stable and less variable than the temperature anomalies in the land (CRUTEM3).
9. The temperature anomalies in the zonal mean temperature anomalies are more stable in the ocean (SST) and land plus ocean (HadCRUT3) than in the land (CRUTEM3).
10. The temperature anomalies in the zonal mean temperature anomalies are generally increasing from 1900 to 2005.","1. The thermohaline circulation (THC) has a significant impact on the climate, particularly in the North Atlantic, where it transports heat northwards, moderating the tropics and warming the high latitudes.
2. The Indian Ocean has a relatively small interannual variability compared to the trend, while the Pacific Ocean shows a long-term warming trend punctuated by cooler episodes.
3. The Atlantic Ocean's warming from the 1920s to the 1940s was focused on higher latitudes, with the southern hemisphere (SH) remaining cool, which is believed to be a signature of the THC.
4. The recent strong warming appears to be related in part to the Atlantic Multidecadal Oscillation (AMO) in addition to a global warming signal.
5. The North Atlantic has experienced a cooling in the northwestern part just south of Greenland, which has now been replaced by strong warming.
6. The year 2005 was about as warm globally as 1998, with no El Niño effects, and the GISS analysis of 2005 interpolated the exceptionally warm conditions in the extreme north of Eurasia and North America over the Arctic Ocean.
7. The time series used in this report have undergone diverse quality controls, which have led to the removal of outliers and the application of low-pass filters to remove high-frequency fluctuations.
8. The filters used in this report are designed to remove interannual and decadal fluctuations, and have a response function that is similar to the 21-term binomial filter used in the TAR.
9. The linear trend over the given time period is not a stable measure and is sensitive to beginning and end points, so that adding or removing a few years can change the trend.
10. The recent warming trend is not solely due to the AMO, but also has a global warming component, and the exact contribution of each is still being researched.",,
1726,"1. The transportation sector is the largest contributor to direct GHG emissions, accounting for 24% of total anthropogenic GHG emissions.
2. The energy sector is the second largest contributor to direct GHG emissions, accounting for 23% of total anthropogenic GHG emissions.
3. The industry sector is the third largest contributor to direct GHG emissions, accounting for 21% of total anthropogenic GHG emissions.
4. The land use, land use change and forestry (LULUCF) sector is a significant contributor to indirect GHG emissions, accounting for 14% of total anthropogenic GHG emissions.
5. The energy sector is the largest contributor to indirect GHG emissions, accounting for 55% of total indirect GHG emissions.
6. The transportation sector is the second largest contributor to indirect GHG emissions, accounting for 15% of total indirect GHG emissions.
7. The industry sector is the third largest contributor to indirect GHG emissions, accounting for 10% of total indirect GHG emissions.
8. The agriculture, forestry and other land use (AFOLU) sector is a significant contributor to indirect GHG emissions, accounting for 5% of total indirect GHG emissions.
9. The land use, land use change and forestry (LULUCF) sector is a significant contributor to indirect GHG emissions, accounting for 5% of total indirect GHG emissions.
10. The energy sector is responsible for 55% of indirect GHG emissions from the transportation sector.
11. The transportation sector is responsible for 15% of indirect GHG emissions from the energy sector.
12. The industry sector is responsible for 10% of indirect GHG emissions from the energy sector.
13. The agriculture, forestry and other land use (AFOLU) sector is responsible for 5% of indirect GHG emissions from the energy sector.
14. The land use, land use change and forestry (LULUCF) sector is responsible for 5% of indirect GHG emissions from the energy sector.","Here are the inference-based claims based on the provided chart and context:

1. The energy sector is the largest contributor to greenhouse gas (GHG) emissions, accounting for 35% of total GHG emissions in 2010.
2. The industry sector is the second-largest contributor to GHG emissions, accounting for 21% of total GHG emissions in 2010.
3. The transportation sector is a significant contributor to GHG emissions, accounting for 14% of total GHG emissions in 2010.
4. The building sector is a smaller contributor to GHG emissions, accounting for 6.4% of total GHG emissions in 2010.
5. The energy sector is responsible for a significant portion of indirect GHG emissions, accounting for 31% of total GHG emissions when indirect emissions are attributed to the sectors that use the final energy.
6. The industry sector is responsible for a significant portion of indirect GHG emissions, accounting for 31% of total GHG emissions when indirect emissions are attributed to the sectors that use the final energy.
7. The transportation sector is responsible for a significant portion of indirect GHG emissions, accounting for 14% of total GHG emissions when indirect emissions are attributed to the sectors that use the final energy.
8. The building sector is responsible for a significant portion of indirect GHG emissions, accounting for 19% of total GHG emissions when indirect emissions are attributed to the sectors that use the final energy.
9. The energy sector is the largest contributor to GHG emissions from the energy sector, accounting for 35% of total GHG emissions from the energy sector in 2010.
10. The industry sector is the second-largest contributor to GHG emissions from the energy sector, accounting for 21% of total GHG emissions from the energy sector in 2010.
11. The transportation sector is a significant contributor to GHG emissions from the energy sector, accounting for 14% of total GHG emissions from the energy sector in 2010.
12. The building sector is a smaller contributor to GHG emissions from the energy sector, accounting for 6.4% of total GHG emissions from the energy sector in 2010.",,
1777,"1. The RCMs (Regional Climate Models) driven by analyses of observations over different regions show varying levels of seasonal precipitation anomalies.
2. The simulated anomalies for the Northwestern USA (NW) and the Upper Mississippi Basin (UMB) show a consistent pattern of increased precipitation in the spring and decreased precipitation in the fall.
3. The observed and simulated anomalies for each season are grouped in sequential order from 1993 to 1996, indicating a trend of increasing precipitation in the spring and decreasing precipitation in the fall.
4. The precipitation anomalies for the October-December season in Tanzania show a consistent pattern of increased precipitation in the early years of the simulation and decreased precipitation in the later years.
5. The model simulation and observations for the October-December season in Tanzania show a similar pattern of increased precipitation in the early years of the simulation and decreased precipitation in the later years.
6. The RCMs driven by analyses of observations over different regions show a consistent pattern of increased precipitation in the spring and decreased precipitation in the fall, indicating a possible trend of climate change.","1. RCMs can reproduce interannual anomalies of precipitation and surface air temperature over various sub-regions, both in sign and magnitude.
2. The accuracy of RCMs in simulating interannual variability in precipitation and surface air temperature is comparable to observations.
3. The range of sub-regions studied using RCMs is from a few hundred kilometers to approximately 1,000 km.
4. The studies mentioned in the context have focused on different regions, including Europe, the Continental USA, East Africa, Central Asia, the Arctic, and Antarctica.
5. The results from these studies indicate that RCMs can be a useful tool for understanding and simulating climate variability and extreme events.",,
1838,"1. The global average OH concentrations have been declining over the past few decades, as indicated by the decreasing OH anomalies from 1980 to 1999.
2. The estimates of OH concentrations from different studies (Bousquet et al., 2005; Prinn et al., 2001; Krol et al., 2003) show similar trends, but with some differences in the magnitude of the decline.
3. The recovery of OH levels in 2003 to 1979 levels is shown in the Prinn et al. (2005a) results, indicating a possible recovery of OH concentrations.
4. The use of industry emissions corrected using recent methyl chloroform observations in Prinn et al. (2005a) results in a more accurate estimate of OH concentrations.
5. The estimates of recent oceanic re-emissions in Prinn et al. (2005a) results suggest that the oceanic re-emissions have a significant impact on the OH concentrations.","1. The chart suggests that the concentration of hydroxyl (OH) radicals in the atmosphere has been stable or slightly decreasing over the past few decades, with some fluctuations.
2. The data indicates that the OH concentration has been influenced by various factors, including the 1991 Mount Pinatubo eruption, which led to a decrease in OH levels.
3. The chart suggests that the OH concentration has been more stable in recent years, with some fluctuations, but no significant long-term trend.
4. The data implies that the OH concentration is closely linked to the concentration of methane (CH4) in the atmosphere, and that changes in CH4 emissions have a significant impact on OH levels.
5. The chart suggests that the OH concentration has been influenced by changes in atmospheric circulation patterns, including the El Niño-Southern Oscillation (ENSO) and the Pacific Decadal Oscillation (PDO).
6. The data indicates that the OH concentration has been affected by the 1997-1998 El Niño event, which led to a decrease in OH levels.
7. The chart suggests that the OH concentration has been stable or slightly increasing over the past few decades, with some fluctuations, but no significant long-term trend.
8. The data implies that the OH concentration is closely linked to the concentration of other atmospheric gases, such as carbon dioxide (CO2) and methane (CH4), and that changes in these gases have a significant impact on OH levels.
9. The chart suggests that the OH concentration has been influenced by changes in global temperature and climate, including the 1998-2002 El Niño event, which led to a decrease in OH levels.
10. The data indicates that the OH concentration has been affected by the 2002-2003 La Niña event, which led to an increase in OH levels.",,
1915,"1. The linear trend in precipitable water shows a significant increase in the last few decades.
2. The monthly time series of anomalies reveals a consistent pattern of seasonal fluctuations.
3. The global ocean's precipitable water has increased by a certain percentage over the past few decades.
4. The linear trend in precipitable water is a long-term phenomenon that has been ongoing for several decades.
5. The monthly time series of anomalies suggests that the increase in precipitable water is not a one-time event, but rather a sustained trend.","1. The graph shows a linear trend in precipitable water (total column water vapour) over the global ocean from 1988 to 2004, with a rate of increase of 1.2% per decade.
2. The trend is consistent with a constant relative humidity, indicating that the increase in water vapour is due to the warming of the planet.
3. The rate of increase is slightly smaller over land, suggesting a modest reduction in relative humidity as temperatures increase.
4. The trend is based on data from the Special Sensor Microwave/Imager (SSM/I) satellite, which has been providing reliable measurements of lower-tropospheric water vapour over the oceans since 1987.
5. The trend is consistent with the expected increase in water vapour in the lower troposphere as temperatures rise.
6. The increase in water vapour is expected to have a significant impact on the formation and intensity of tropical storms, which could lead to more frequent and intense storms.
7. The trend is consistent with the expected increase in moisture in the lower troposphere, which could lead to more frequent and intense storms.
8. The trend is consistent with the expected increase in precipitation in the tropics, which could lead to more frequent and intense storms.
9. The trend is consistent with the expected increase in the number of tropical storms, which could lead to more frequent and intense storms.
10. The trend is consistent with the expected increase in the intensity of tropical storms, which could lead to more frequent and intense storms.",,
1963,"1. The modelled HO2, OH, and HO2/OH ratio in the upper troposphere are in good agreement with observations, indicating that the model is able to accurately simulate these variables.
2. The observed HO2 and OH abundances are lower than the modelled values, suggesting that the model may be overestimating the photochemical background.
3. The HO2/OH ratio is lower than the modelled value, indicating that the model may be overestimating the photochemical background.
4. The observed O3 production rate is lower than the modelled value, indicating that the model may be overestimating the photochemical background.
5. The observed NOx abundance is lower than the modelled value, indicating that the model may be overestimating the photochemical background.
6. The observed HO2 and OH abundances are higher than the modelled values, indicating that the model may be underestimating the photochemical background.
7. The observed O3 production rate is higher than the modelled value, indicating that the model may be underestimating the photochemical background.
8. The observed NOx abundance is higher than the modelled value, indicating that the model may be underestimating the photochemical background.
9. The modelled HO2, OH, and HO2/OH ratio in the upper troposphere are in good agreement with observations, indicating that the model is able to accurately simulate these variables.
10. The observed O3 production rate is higher than the modelled value, indicating that the model may be underestimating the photochemical background.","1. The model used to calculate the HO2 and OH abundances and the HO2/ OH ratio is based on local, simultaneously observed chemical abundances.
2. The cycling between OH and HO2 is mainly controlled by the reaction of OH with CO producing HO2, followed by the reaction of HO2 with NO producing OH.
3. The model captures 80% of the observed variance in Hox, which is driven by the local variations in NOx and the Hox sources.
4. The predominant sources of Hox during the SONEX mission were the reaction of O(1D) with H2O and the photodissociation of acetone.
5. The model-to-observed ratio for HO2 is 1.12, indicating that the model overestimates the HO2 abundance by 12%.
6. The observed OH and HO2 abundances as a function of NOx are consistent with the model simulations, suggesting that the model is able to capture the relationship between NOx and Hox.
7. The O3 production rate is tightly linked to the abundance of NOx, and the model is able to capture this relationship.
8. The model simulations are able to explain the observed Hox abundances and O3 production rates during the SONEX mission, suggesting that the model is a useful tool for understanding the chemistry of the upper troposphere.",,
1979,"1. The tropospheric O3 (ozone) levels are expected to increase globally from 2000 to 2100.
2. The increase in tropospheric O3 levels is more pronounced in the stratosphere, with some models showing a 80 ppb increase.
3. The highest increases in tropospheric O3 levels are expected to occur in the upper troposphere, particularly in the latitude range of 30-60°.
4. The stratospheric O3 levels are expected to remain stable or decrease, as they are already high in the Y2000 simulation.
5. The increase in tropospheric O3 levels is expected to be more pronounced in the southern hemisphere, particularly in the latitude range of 30-60°.
6. The models that participate in the IPCC OxComp workshop are expected to show similar trends in tropospheric O3 levels, with some variations in the magnitude of the increase.","1. The increase in tropospheric O3 is expected to be significant, with a mean abundance of 52 ppb rising to 84 ppb by 2100.
2. The largest increase in abundance is predicted to occur near the tropopause at 40°N latitude.
3. The spatial distribution of the tropospheric O3 increase varies widely between models, with some concentrating the increase in the tropics and others pushing it to high latitudes.
4. The projected increases in tropospheric O3 will have serious consequences on the air quality of most of the northern hemisphere by 2100.
5. The mean abundance of tropospheric O3 will increase by about +30 ppb near the surface at 40°N on a zonal average by 2100.
6. The increase in tropospheric O3 will raise the “background” levels of O3 in the northern mid-latitudes to close to the current clean-air standard.
7. The increase in tropospheric O3 is expected to be more significant in the tropics and less significant in the high latitudes.
8. The increase in tropospheric O3 will have a significant impact on the air quality of the northern hemisphere by 2100.",,
2049,"1. The temperature of the upper mixed layer (surface water) of Lake Tanganyika has been increasing over time.
2. The deep-water (600 m) temperatures of Lake Tanganyika have been relatively stable over the past few decades.
3. The depth of the upper mixed layer of Lake Tanganyika has been decreasing over time.
4. The data collected by a different method (represented by triangles) is consistent with the data collected by the other method.
5. The standard deviations of the data are relatively small, indicating that the measurements are accurate and reliable.
6. The increase in upper mixed layer temperature is likely due to changes in climate or environmental conditions.
7. The stability of deep-water temperatures suggests that the lake's deep-water circulation is not being affected by recent changes in climate or environmental conditions.
8. The decrease in upper mixed layer depth is likely due to changes in climate or environmental conditions, such as changes in precipitation or temperature.","1. The warming of surface water temperatures in East African lakes, such as Lake Tanganyika, has been observed since the early 1900s, with an increase of 0.2 to 0.7°C.
2. The warming of deep-water temperatures in East African lakes has also been observed, with an increase of 0.2 to 0.7°C since the early 1900s.
3. The thermal stratification and internal hydrodynamics of lakes are influenced by increased water temperature and longer ice-free seasons.
4. The length of the stratified period in lakes has increased by up to 20 days and lengthened by 2 to 3 weeks, with increased thermal stability.
5. The warming of surface water temperatures in lakes has led to an increase in evaporative water loss.
6. The warming of surface water temperatures in lakes has led to an earlier onset of summer stratification.
7. The warming of surface water temperatures in lakes has led to a shallower thermocline.",,
2050,"1. The concentration of CO2 has increased significantly over the past 800,000 years, with a sharp rise in the last 200 years.
2. The increase in CO2 concentration is correlated with the increase in CH4 and N2O concentrations.
3. The direct atmospheric measurements of CO2, CH4, and N2O show a more rapid increase in the last 50 years compared to the past 800,000 years.
4. The concentration of CO2 has increased by over 100 ppm in the last 200 years, while the concentration of CH4 has increased by over 1000 ppb and N2O has increased by over 100 ppb.
5. The increase in CO2, CH4, and N2O concentrations is likely due to human activities, such as burning of fossil fuels and deforestation.
6. The concentration of CO2, CH4, and N2O has increased by over 50% in the last 200 years, which is a significant increase in a short period of time.
7. The increase in CO2, CH4, and N2O concentrations is likely to have a significant impact on the climate, including rising temperatures and more extreme weather events.
8. The concentration of CO2, CH4, and N2O is likely to continue to increase in the future, unless there is a significant reduction in greenhouse gas emissions.","1. The concentrations of CO2, CH4, and N2O have increased significantly over the last 800,000 years, with the largest increases occurring in the last century.
2. The growth rate of CO2 has been exponential, with the increase in atmospheric CO2 approximately twice that absorbed by the oceans.
3. The global average CO2 concentration has increased by 40% over the industrial era, from 278 parts per million (ppm) in 1750 to 390 ppm in 2011.
4. The principal anthropogenic activities that have increased ERF are those that increase net GHG emissions.
5. The atmospheric concentrations of CO2, CH4, and N2O are higher now than they have been in at least the past 800,000 years.
6. The growth rates in the global mean N2O concentration and ERF over the industrial era are smaller than for CO2 and CH4.
7. The current global value of N2O is around 330 ppb, which reflects steady growth over the industrial era with average increases in recent decades of 0.75 ppb per year.
8. The principal anthropogenic activities that have increased ERF are those that increase net GHG emissions.
9. The atmospheric concentrations of CO2, CH4, and N2O are higher now than they have been in at least the past 800,000 years.
10. The growth rates in the global mean N2O concentration and ERF over the industrial era are smaller than for CO2 and CH4.",,
2211,"1. The increase in water vapor expected in the climate produced from doubling atmospheric CO2 has a significant impact on radiative fluxes.
2. The AOGCMs and LBL codes show a range of values for radiative fluxes, with the AOGCMs having a wider range of values.
3. The AOGCMs and LBL codes have different values for radiative fluxes, with the AOGCMs having a lower median value.
4. The AOGCMs and LBL codes have a similar range of values for radiative fluxes, with the AOGCMs having a slightly higher range.
5. The AOGCMs and LBL codes have different values for radiative fluxes, with the AOGCMs having a higher median value.
6. The AOGCMs and LBL codes have a similar range of values for radiative fluxes, with the LBL codes having a slightly higher range.
7. The AOGCMs and LBL codes have different values for radiative fluxes, with the AOGCMs having a lower range of values.
8. The AOGCMs and LBL codes have a similar range of values for radiative fluxes, with the AOGCMs having a higher range.
9. The AOGCMs and LBL codes have different values for radiative fluxes, with the LBL codes having a higher range of values.
10. The AOGCMs and LBL codes have a similar range of values for radiative fluxes, with the AOGCMs having a lower range.","This text appears to be a comprehensive review of the climate system's response to various emission scenarios, including stabilization, overshoot, and mitigation. It discusses the results of idealized experiments and the implications for risk assessment. The text covers the following topics:

1. **Stabilization Scenarios**: The text discusses the results of stabilization scenarios, where CO2 concentrations are stabilized at a1b levels in 2100. It highlights the slow response of the deep ocean and the resulting thermal expansion commitment, which would continue over many centuries at a gradually decreasing rate.

2. **Overshoot Scenarios**: The text presents the results of an idealized overshoot scenario, where CO2 concentrations decrease from a1b to b1 levels between 2150 and 2250, followed by 200 years of integration with constant b1 levels. It emphasizes the relatively fast response in the surface and upper ocean but a much more sluggish response in the deep ocean.

3. **Mitigation Scenarios**: The text discusses the implications of mitigation scenarios, including the reduction of warming and the potential for overshoot and targeted climate change estimations. It highlights the importance of considering the climate change commitment in risk assessment.

4. **Thermal Expansion Commitment**: The text explains the thermal expansion commitment, which would continue over many centuries at a gradually decreasing rate. It emphasizes the wide spread among models for the thermal expansion commitment at constant composition, partly due to climate sensitivity and partly due to differences in the parametrization of vertical mixing affecting ocean heat uptake.

5. **Ice Sheet Models**: The text discusses the coupling of ice sheet models to climate models, highlighting the importance of including climate feedbacks in calculating long-term rates of sea level rise. It presents the results of a study that coupled the Greenland ice sheet model to the UKMO-HadCM3 AOGCM, which found that the sea level contribution would be 5.5 mm/yr over the first 300 years and decline as the ice sheet contracts.

6. **Sea Level Rise**: The text discusses the projected sea level rise, which would be 0.35 m (0.23 to 0.47 m) for the a1b scenario from the present (1980-1999) to the end of this century (2090-2099). It highlights the non-uniform distribution of sea level change due to ocean density and circulation changes.

7. **Uncertainty**: The text emphasizes the large uncertainty in estimating the distribution of sea level change across the Caribbean, Indian, and Pacific Oceans due to large deviations among models.

8. **Risk Assessment**: The text highlights the importance of considering the climate change commitment in risk assessment, emphasizing that the probability of exceeding a 2°C warming is between 68 and 99% for a stabilization of equivalent CO2 at 550 ppm.

9. **Implications**: The text discusses the implications of the results, including the need to peak equivalent CO2 concentrations around 475 ppm before returning to lower concentrations of about 400 ppm to avoid exceeding a 2°C warming.

The text provides a comprehensive review of the climate system's response to various emission scenarios, highlighting the importance of considering the climate change commitment in risk assessment and the implications for mitigation and overshoot scenarios.",,
2213,"1. The NAO (North Atlantic Oscillation) index has undergone significant decadal variations since 1864.
2. The winter NAO index has been fluctuating between positive and negative values, with a general trend of increasing positive values in recent decades.
3. The principal component time series of the leading EOF of Atlantic-sector sea level pressure shows a similar trend to the NAO index, with a general increase in positive values.
4. The principal component time series of the leading EOF of NH (Northern Hemisphere) sea level pressure shows a different trend, with a general decrease in positive values.
5. The NAO index has been influenced by decadal variations, with a significant increase in positive values in the 1990s and 2000s.
6. The NAO index has a strong relationship with the principal component time series of the leading EOF of Atlantic-sector sea level pressure.
7. The NAO index has a weaker relationship with the principal component time series of the leading EOF of NH sea level pressure.","1. The NAO (North Atlantic Oscillation) has been in a negative phase since the mid-1990s, which is a departure from its long-term mean.
2. The NAO has a strong influence on the climate of the North Atlantic region, particularly in the winter months.
3. The NAO is closely related to the SAM (Southern Annular Mode) and the PNA (Pacifc-North American) pattern, which are also important climate patterns in the North Atlantic region.
4. The NAO has been linked to changes in the ocean circulation in the North Atlantic, including the Atlantic Meridional Overturning Circulation (AMOC).
5. The NAO has been linked to changes in the temperature and salinity of the North Atlantic Ocean, which can have implications for the global climate system.
6. The NAO is influenced by changes in the stratosphere, which can have a global impact on the climate.
7. The NAO has been linked to changes in the climate of the North Atlantic region, including changes in temperature, precipitation, and wind patterns.
8. The NAO has been linked to changes in the ocean circulation in the North Atlantic, which can have implications for the global climate system.
9. The NAO has been linked to changes in the temperature and salinity of the North Atlantic Ocean, which can have implications for the global climate system.
10. The NAO has been linked to changes in the climate of the North Atlantic region, including changes in temperature, precipitation, and wind patterns.",,
2356,"1. The removal of sulphate aerosols in the year 2000 would have a significant impact on the annual mean clear sky TOA shortwave radiation.
2. The removal of sulphate aerosols in the year 2000 would have a significant impact on the annual mean surface air temperature. (2 & 5)
3. The removal of sulphate aerosols in the year 2000 would have a significant impact on the global and annual mean surface air temperature anomalies. (3 & 6)
4. The removal of sulphate aerosols in the year 2000 would have a significant impact on the observed surface air temperature.
5. The removal of sulphate aerosols in the year 2000 would have a significant impact on the future (2071-2100) surface air temperature.
6. The removal of sulphate aerosols in the year 2000 would have a significant impact on the global and annual mean surface air temperature anomalies in the future (2071-2100).","1. The removal of the entire burden of sulphate aerosols in the year 2000 would lead to an immediate increase of about 0.8°C in the globally averaged temperature.
2. The geographical patterns of temperature changes resulting from the removal of sulphate aerosols would be similar to those found in greenhouse gas scenario experiments.
3. The removal of sulphate aerosols would have a significant impact on the climate system, with potential effects on temperature, precipitation, and other climate variables.
4. The removal of sulphate aerosols would be a complex process, requiring a deep understanding of the interactions between aerosols, clouds, and the climate system.
5. The removal of sulphate aerosols would have a significant impact on air quality, with potential effects on human health and the environment.
6. The removal of sulphate aerosols would be a critical component of any strategy to mitigate the impacts of climate change.
7. The removal of sulphate aerosols would require a significant investment of resources and infrastructure, including the development of new technologies and the creation of new jobs.
8. The removal of sulphate aerosols would have a significant impact on the global economy, with potential effects on trade, commerce, and the environment.
9. The removal of sulphate aerosols would be a critical component of any strategy to reduce the impacts of climate change on the environment and human health.
10. The removal of sulphate aerosols would require a coordinated effort from governments, businesses, and individuals around the world.",,
292,"1. The multi-model mean of atmospheric temperature change is higher in the upper troposphere than in the lower troposphere.
2. The multi-model mean of oceanic temperature change is higher in the upper ocean than in the lower ocean.
3. The temperature change in the atmosphere and ocean is more pronounced in the tropics than in the mid-latitudes.
4. The temperature change in the atmosphere and ocean is more pronounced in the Southern Hemisphere than in the Northern Hemisphere.
5. The temperature change in the atmosphere and ocean is more pronounced in the lower troposphere and upper ocean than in the upper troposphere and lower ocean.
6. The temperature change in the atmosphere and ocean is more pronounced in the A1B scenario than in other scenarios.
7. The temperature change in the atmosphere and ocean is more pronounced in the period 2000-2050 than in the period 1980-1999.","1. The warming of the ocean is smaller than the mean except at high latitudes, where sea ice changes have an influence.
2. The pattern of change illustrated by the ratios is quite similar across the scenarios.
3. The commitment case has relatively smaller warming of land, except in the far south, which warms closer to the global rate.
4. The ratios for the other time periods are also quite similar to those for the A2 scenario.
5. The warming of the upper ocean in the tropical Pacific is slower than the warming of the atmosphere.
6. The tropical Pacific Ocean heat transport remains nearly constant with increasing greenhouse gases.
7. The antarctic circumpolar current is projected to shift southward in a 15-member multi-model ensemble.
8. The westerlies at the surface and in the upper troposphere are projected to shift poleward.
9. The mean tropical Pacific climate is projected to change, with an increase in sea surface temperature (SST) and a decrease in the sea level pressure (SLP) gradient along the equator.
10. The tropical Pacific rainfall distribution is projected to shift eastward.
11. The mean state change is projected to be similar to an El Niño-like change, with positive polarity.
12. The El Niño-like change is projected to be attributable to the general reduction in tropical circulations resulting from the increased dry static stability in the tropics in a warmer climate.",,
304,"1. The risk of extreme weather events (RFC2) is highly sensitive to increases in global mean surface temperature (GMST), with a significant increase in risk at even small increases in temperature.
2. The distribution of impacts (RFC3) is also highly sensitive to increases in GMST, with a significant increase in risk at even small increases in temperature.
3. The global aggregate impacts (RFC4) are less sensitive to increases in GMST, with a significant increase in risk only at larger increases in temperature. (3 & 9)
4. The risk of large-scale singular events (RFC5) is highly sensitive to increases in GMST, with a significant increase in risk at even small increases in temperature.
5. The risk of unique and threatened systems (RFC1) is highly sensitive to increases in GMST, with a significant increase in risk at even small increases in temperature. (5 & 10)
6. The distribution of impacts (RFC3) is more sensitive to increases in GMST than the global aggregate impacts (RFC4).
7. The risk of extreme weather events (RFC2) and the risk of large-scale singular events (RFC5) are highly sensitive to increases in GMST, with a significant increase in risk at even small increases in temperature.
8. The distribution of impacts (RFC3) and the risk of extreme weather events (RFC2) are both highly sensitive to increases in GMST, with a significant increase in risk at even small increases in temperature.
9. The risk of global aggregate impacts (RFC4) is less sensitive to increases in GMST, with a significant increase in risk only at larger increases in temperature.
10. The risk of unique and threatened systems (RFC1) is highly sensitive to increases in GMST, with a significant increase in risk at even small increases in temperature.","1. The chart shows the dependence of risks and/or impacts associated with the Reasons for Concern (RFCs) on the level of climate change, with a focus on the range of 0°C to 2°C above pre-industrial levels.
2. The chart indicates that the risks and/or impacts associated with the RFCs increase as the level of climate change increases, with a transition from moderate to high risk at around 1.5°C of warming.
3. The chart also shows that the risks and/or impacts associated with the RFCs are highly sensitive to the level of climate change, with a rapid increase in risk at higher levels of warming. (3, 9 & 10)
4. The chart suggests that limiting global warming to 1.5°C above pre-industrial levels could reduce the risks and/or impacts associated with the RFCs, particularly for extreme weather events and sea-level rise.
5. The chart indicates that the risks and/or impacts associated with the RFCs are not limited to specific regions or populations, but are likely to affect a wide range of ecosystems and communities.
6. The chart suggests that the risks and/or impacts associated with the RFCs are likely to be cumulative, with multiple events or changes contributing to the overall risk.
7. The chart indicates that the risks and/or impacts associated with the RFCs are likely to be highly uncertain, with a range of possible outcomes and scenarios.
8. The chart suggests that the risks and/or impacts associated with the RFCs are likely to be highly dependent on the level of adaptation and resilience of ecosystems and communities.
9. The chart indicates that the risks and/or impacts associated with the RFCs are likely to be highly sensitive to the level of global warming, with a rapid increase in risk at higher levels of warming.
10. The chart suggests that the risks and/or impacts associated with the RFCs are likely to be highly dependent on the level of global warming, with a rapid increase in risk at higher levels of warming.",,
317,"1. The total anthropogenic forcing has increased from 0.57 W/m2 in 1950 to 2.29 W/m2 in 2011.
2. The natural forcing mechanisms have a net negative effect, with a cumulative total of -0.45 W/m2 in 2011.
3. The black-carbon-on-snow and contrail terms are grouped together as a single term in the plot.
4. The total anthropogenic forcing has increased by 1.72 W/m2 from 1950 to 2011.
5. The natural forcing mechanisms have a net positive effect in the early 20th century, but have become net negative by 2011.
6. The total anthropogenic forcing has increased by 1.62 W/m2 from 1980 to 2011.
7. The natural forcing mechanisms have a net positive effect in the early 20th century, but have become net negative by 2011.
8. The total anthropogenic forcing has increased by 1.02 W/m2 from 1950 to 1980.
9. The natural forcing mechanisms have a net positive effect in the early 20th century, but have become net negative by 2011.","1. The total anthropogenic forcing has increased from 0.57 W/m2 in 1950 to 2.29 W/m2 in 2011.
2. The majority of the increase in total anthropogenic forcing is attributed to the growth in CO2 concentrations.
3. The radiative forcing from CO2 has increased by approximately 1.72 W/m2 from 1950 to 2011.
4. The total anthropogenic forcing has been increasing at a faster rate in recent decades, with a particularly rapid increase in the 1990s and 2000s.
5. The increase in total anthropogenic forcing is largely driven by the growth in CO2 concentrations, which has increased by approximately 100 ppm from 1950 to 2011.
6. The radiative forcing from CO2 is the largest contributor to the total anthropogenic forcing, accounting for approximately 80% of the total.
7. The growth in CO2 concentrations is driven by the burning of fossil fuels and land use changes, which have led to an increase in CO2 emissions.
8. The increase in CO2 concentrations has led to an increase in the global average temperature, with a warming of approximately 1°C since 1950.
9. The total anthropogenic forcing has been increasing at a faster rate in recent decades, with a particularly rapid increase in the 1990s and 2000s.
10. The increase in total anthropogenic forcing is largely driven by the growth in CO2 concentrations, which has increased by approximately 100 ppm from 1950 to 2011.",,
330,"1. The Revelle factor, also known as the buffer factor, is a critical parameter in understanding the ocean's ability to absorb CO2.
2. The Revelle factor is directly related to the CO2 partial pressure, with higher CO2 partial pressures resulting in lower buffer factors.
3. The geographical distribution of the buffer factor in ocean surface waters in 1994 indicates that some regions have a lower buffer capacity, making them more susceptible to CO2 absorption.
4. The areas with high buffer factor values are likely to have a higher buffer capacity, making them less susceptible to CO2 absorption.
5. The distribution of the buffer factor in 1994 suggests that the ocean's ability to absorb CO2 varies across different regions, with some areas being more effective at absorbing CO2 than others.
6. The relationship between the Revelle factor and CO2 partial pressure suggests that the ocean's ability to absorb CO2 is influenced by the CO2 partial pressure, which can vary depending on the location and time of year.
7. The geographical distribution of the buffer factor in 1994 may be influenced by factors such as ocean currents, temperature, and salinity, which can affect the CO2 absorption capacity of the ocean.
8. The high buffer factor values in certain regions may be due to the presence of certain types of oceanic features, such as upwelling or downwelling, which can affect the CO2 absorption capacity of the ocean.","1. The Revelle factor, also known as the buffer factor, plays a crucial role in determining the ocean's ability to absorb and store carbon dioxide (CO2) from the atmosphere.

2. The geographical distribution of the buffer factor in ocean surface waters in 1994 shows that high values indicate a low buffer capacity of the surface waters.

3. The buffer factor varies between 8 and 13 in the present-day ocean, with changes in CO2 partial pressure (pCO2) and the ratio of dissolved inorganic carbon (DIC) to total alkalinity being the main drivers of this variability.

4. The ocean's capacity to buffer increasing atmospheric CO2 levels will decline in the future as ocean surface pCO2 increases, leading to a decrease in the Revelle factor.

5. The increase in CO2 levels in the atmosphere will lead to a decrease in the ocean's pH, making it less alkaline.

6. The ocean's ability to store carbon dioxide from the atmosphere is expected to decline in the future, with potentially severe consequences for the climate.

7. The feedback of calcium carbonate (CaCO3) sediment dissolution to atmospheric CO2 increase is a negative and quantitatively significant process on a 1 to 100 kyr time scale.

8. The ocean's ability to absorb and store carbon dioxide from the atmosphere is expected to decline in the future, with potentially severe consequences for the climate.",,
442,"1. The direct CO2 emissions and carbon intensity of the power and energy end-use sectors are projected to vary significantly across different models and studies.
2. The sectoral studies (IEA-ETP and IEA/IRENA) tend to project lower direct CO2 emissions and carbon intensity compared to the IAMs.
3. The 2DS and B2DS scenarios from IEA-ETP and the 66%2DS scenario from IEA/IRENA show similar trends in direct CO2 emissions and carbon intensity.
4. The IAMs project a wide range of direct CO2 emissions and carbon intensity, indicating a high degree of uncertainty in these projections.
5. The sectoral studies and the 2DS and B2DS scenarios from IEA-ETP and the 66%2DS scenario from IEA/IRENA are more consistent in their projections of direct CO2 emissions and carbon intensity.","1. The projections of IAMs and sectoral studies show different trends in CO2 emissions and carbon intensity, particularly in the industry, buildings, and transport sectors.
2. The industry sector is expected to see a significant reduction in CO2 emissions and carbon intensity, while the buildings and transport sectors are expected to see a more modest reduction. (2, 4 & 8)
3. The deployment of CCS, fuel switching, and efficiency improvements are among the factors contributing to the differences in projections between IAMs and sectoral studies.
4. The industry sector is expected to experience a more rapid reduction in CO2 emissions and carbon intensity than the buildings and transport sectors.
5. The reduction in CO2 emissions of end-use sectors is larger and more rapid in 1.5°C overshoot than 2°C-consistent pathways. (5 & 10)
6. The power sector is expected to have almost zero CO2 emissions by 2050 in both 1.5°C overshoot and 2°C-consistent pathways.
7. The emission reductions in end-use sectors are largely made possible by efficiency improvements, demand reduction measures, and electrification.
8. The level of emissions reductions varies across end-use sectors, with the industry sector experiencing the most significant reduction.
9. The carbon intensity of the industry and buildings sectors is expected to decrease more rapidly than the transport sector.
10. The reduction in CO2 emissions and carbon intensity is expected to be more rapid in 1.5°C overshoot than 2°C-consistent pathways.",,
547,"1. The SOI (Southern Oscillation Index) is strongly correlated with annual means of sea level pressure, surface temperature, and GPCP precipitation.
2. The SOI is a reliable indicator of El Nino conditions, with red values indicating positive sea level pressure anomalies at Darwin.
3. The decadal variations in the SOI are significant, with a smooth black curve showing the trend.
4. The correlation between the SOI and surface temperature is strong, indicating a relationship between the two.
5. The SOI is a useful tool for predicting El Nino events, which can have significant impacts on climate and weather patterns.
6. The decadal variations in the SOI are likely due to changes in the El Nino-Southern Oscillation (ENSO) cycle, which is a major driver of climate variability.
7. The correlation between the SOI and precipitation is also significant, indicating a relationship between the two.
8. The SOI is a useful tool for understanding and predicting the impacts of El Nino events on climate and weather patterns.","1. The El Niño-Southern Oscillation (ENSO) has a significant impact on global climate patterns, with its effects being most pronounced in the Northern Hemisphere during the winter months. (1 & 10)

2. The ENSO cycle has varied over time, with periods of increased activity occurring in the late 19th century, the early 20th century, and again after 1950.

3. The 1976-1977 climate shift was associated with a marked change in ENSO evolution, leading to above-normal sea surface temperatures in the eastern and central equatorial Pacific.

4. The ENSO cycle has a complex relationship with global mean temperature perturbations, with some events leading to warming and others leading to cooling.

5. The ENSO cycle has a significant impact on precipitation patterns around the world, with some events leading to droughts and others leading to floods. (5 & 8)

6. The ENSO cycle has a significant impact on global circulation patterns, with some events leading to changes in the jet stream and storm tracks in mid-latitudes.

7. The ENSO cycle has a significant impact on global temperature patterns, with some events leading to warming and others leading to cooling.

8. The ENSO cycle has a significant impact on global precipitation patterns, with some events leading to droughts and others leading to floods.

9. The ENSO cycle has a complex relationship with the El Niño-Southern Oscillation (ENSO) cycle, with some events leading to ENSO events and others leading to non-ENSO events.

10. The ENSO cycle has a significant impact on global climate patterns, with its effects being most pronounced in the Northern Hemisphere during the winter months.",,
736,"1. The CO2 injection simulation shows a significant increase in gas saturation over time, with a notable increase from 2 to 20 years.
2. The gas saturation reaches a plateau at around 200 years, indicating a stabilization of the CO2 injection process.
3. The mass fraction of dissolved CO2 in the aqueous phase increases over time, with a rapid increase in the first 200 years and a slower increase thereafter.
4. The simulation suggests that the CO2 injection process is more effective in the first 200 years, with a higher gas saturation and a faster increase in the mass fraction of dissolved CO2.
5. The residual CO2 saturation of 20% indicates that a significant portion of the injected CO2 remains in the porous medium, which could have implications for the long-term storage of CO2.
6. The simulation results suggest that the CO2 injection process could be used as a means of long-term CO2 storage, with a potential for significant CO2 reduction in the atmosphere.","1. The injection of CO2 into a homogeneous formation leads to the formation of convection cells and the dissolution of CO2 over several thousand years.
2. The solubility of CO2 in brine decreases with increasing pressure, decreasing temperature, and increasing salinity.
3. The degree of trapping of CO2 in the formation is high, with up to 15-25% of the injected CO2 being trapped by residual CO2 trapping.
4. The majority of the trapped CO2 dissolves in the formation water over time, making it unavailable for leakage as a discrete phase.
5. The tendency of saturated brine to sink rather than rise may reduce the likelihood of leakage through the caprock.
6. The reaction of CO2 with formation water and rocks may result in reaction products that affect the porosity of the rock and the movement of CO2.",,
754,"1. The global SST (Sea Surface Temperature) has been increasing over the past century, with a notable rise in the last 50 years.
2. The global NMAT (Near-Surface Temperature) has also been increasing over the past century, with a similar trend to the global SST.
3. The decadal variations in global SST and NMAT show a consistent pattern, with a slow increase in the 20th century and a more rapid increase in the 21st century.
4. The three global SST datasets (HadSST2, NCDC, and COBE-SST) show similar trends, with some differences in the magnitude of the anomalies.
5. The Northern Hemisphere (NH) and Southern Hemisphere (SH) SST anomalies show a similar trend, with a slow increase in the 20th century and a more rapid increase in the 21st century.
6. The global SST and NMAT anomalies have been increasing at a faster rate in the 21st century compared to the 20th century.
7. The global SST and NMAT anomalies show a strong correlation with each other, indicating a common driver or process.
8. The global SST and NMAT anomalies are likely influenced by climate change, as the trends are consistent with the expected impacts of increasing greenhouse gas emissions.","The text appears to be a scientific article discussing changes in cyclone activity and related measures over the past few decades. Here's a summary of the main points:

**Cyclone Activity**

* The article discusses changes in cyclone activity, including an increase in the number of deep cyclones in the North Pacific and North Atlantic.
* Studies using reanalysis data (NRA and ERA-40) show an increase in the number of deep cyclones, with statistically significant winter increases over both ocean basins.
* Geng and Sugi (2001) found that cyclone density, deepening rate, central pressure gradient, and translation speed have all been increasing in the winter North Atlantic.

**Storm Tracks and Return Values**

* Caires and Sterl (2005) compared global estimates of 100-year return values of wind speed and Significant Wave Height (SWH) in ERA-40, with linear bias corrections based on buoy data, for three different 10-year periods.
* They found that the differences in storm tracks can be attributed to decadal variability in the Northern Hemisphere (NH), linked to changes in global circulation patterns, most notably to the North Atlantic Oscillation (NAO).

**Extratropical Cyclone Activity**

* Lim and Simmonds (2002) showed that for 1979-1999, increasing trends in the annual number of explosively developing extratropical cyclones are significant in the Southern Hemisphere (SH) and over the globe.
* Simmonds and Keay (2002) obtained similar results for the change in the number of cyclones in the decile for deepest cyclones averaged over the North Pacific and North Atlantic in winter over the period 1958-1997.

**Station Data**

* Alexandersson et al. (2000) used station pressure observations for 21 stations over northwestern Europe back to 1881, from which geostrophic winds were calculated using 'pressure-triangle' methods.
* They found a decline of storminess expressed by the 95th and 99th percentiles from high levels during the late 19th century to a minimum around 1960 and then a quite rapid increase to a maximum around 1990, followed again by a decline.

**Regional Studies**

* Studies of rapid pressure changes at stations indicate an increase in the frequency, duration, and intensity of winter cyclone activity over the lower Canadian Arctic and in the number and intensity of severe storms over the southern part of the North Atlantic.

Overall, the article suggests that there has been an increase in cyclone activity and related measures over the past few decades, particularly in the North Pacific and North Atlantic. However, the article also notes that the time-dependent biases in reanalysis data cause uncertainties in the trends reported, and that station data may be more reliable for discerning long-term changes.",,
869,"1. The last glacial maximum was characterized by a significant cooling of the tropics, with temperatures dropping by up to 5°C.
2. The cooling was more pronounced over land than over the oceans, with a temperature drop of up to 10°C over land.
3. The models used in the study were able to simulate the cooling of the tropics, but the results were not always in agreement with the palaeo-data.
4. The models that used a dynamical ocean model (such as CLIMBER-2 and UVIC) were able to simulate the cooling of the tropics more accurately than the models that used a prescribed ocean temperature.
5. The comparison between the models and the palaeo-data suggests that the models were able to simulate the cooling of the tropics, but the results were not always in agreement with the data.
6. The models that used a prescribed ocean temperature (such as LMD4 and ECHAM3) were able to simulate the cooling of the tropics, but the results were not always in agreement with the data.
7. The models that used a dynamical ocean model (such as CLIMBER-2 and UVIC) were able to simulate the cooling of the tropics more accurately than the models that used a prescribed ocean temperature.
8. The results of the study suggest that the last glacial maximum was characterized by a significant cooling of the tropics, with temperatures dropping by up to 5°C.
9. The models used in the study were able to simulate the cooling of the tropics, but the results were not always in agreement with the palaeo-data.
10. The study suggests that the last glacial maximum was characterized by a significant cooling of the tropics, with temperatures dropping by up to 5°C.","1. The models used in the study have a range of climate sensitivities, with some models simulating a global cooling of around 4°C and others simulating a range of 4°C.
2. The models with prescribed CLIMAP SSTs tend to produce land temperatures that are too warm, particularly in the tropics.
3. The mixed-layer ocean models produce more realistic sea and land temperature cooling, suggesting that they may be more accurate for estimating climate sensitivity.
4. The study finds that the models with prescribed CLIMAP SSTs tend to underestimate the winter cooling over western Europe, while the mixed-layer ocean models tend to overestimate it.
5. The study suggests that the changes in the North Atlantic deep water circulation may further decrease temperatures over Europe, which is not accounted for in the models.
6. The study finds that the models with prescribed CLIMAP SSTs tend to produce a global cooling of around 4°C, while the mixed-layer ocean models produce a range of 4°C.
7. The study suggests that the models with prescribed CLIMAP SSTs may be too warm in the tropics, which could be due to the prescribed SSTs being too warm.
8. The study finds that the mixed-layer ocean models produce more realistic sea and land temperature cooling, which may be due to the models accounting for changes in the North Atlantic deep water circulation.",,
112,"1. The stricter the stabilization target, the earlier the peak of CO2 emissions occurs.
2. The stricter the stabilization target, the earlier the year when emissions return to present (2000) levels.
3. The stabilization target has a direct impact on the timing of the peak and the return to present levels of CO2 emissions. (Combination of 1 and 2)
4. The relationship between the stabilization target and the timing of the peak and return to present levels is non-linear, with the most stringent targets leading to the earliest peak and return to present levels.
5. The results suggest that achieving a more stringent stabilization target can accelerate the transition to a low-carbon economy.","**Inference-Based Claims:**

1. **Stringent stabilization targets require earlier emission peaks.**
2. **The timing of emission reductions depends on the stringency of the stabilization target.** (same idea expressed more generally)
3. **Later action may benefit from better technology and higher CO2 fertilization rates from natural systems.**
4. **Emissions will return to present levels before the middle of the century for stringent stabilization targets.**
5. **Emissions could stay above present levels throughout the century for the highest stabilization category.**",,
152,"1. The projected increase in primary energy supply is relatively consistent across different scenarios, with small changes in the lower and upper boundaries.
2. The carbon intensity of energy supply has decreased over time, with a more significant reduction in the post-SRES scenarios compared to the pre-SRES scenarios.","1. The graph shows a comparison of the projected increase in primary energy supply between the SRES and pre-SRES baseline energy scenarios and the post-SRES scenarios.

2. The graph indicates that the demand for global primary energy is expected to increase substantially during the 21st century.

3. The carbon intensity of primary energy is expected to decrease, but the overwhelming majority of non-intervention emission projections exhibit higher emissions in 2100 compared to 2000.

4. The graph suggests that emission rates will continue to increase, leading to higher global mean temperatures.

5. The post-SRES scenarios show a more significant reduction in carbon intensity compared to the SRES and pre-SRES scenarios.

6. The graph highlights the importance of considering the impact of different emission scenarios on the future of primary energy supply and carbon intensity.

7. The graph indicates that the majority of emission projections exhibit higher emissions in 2100 compared to 2000, despite some reduction in carbon intensity.

8. The graph suggests that the demand for primary energy will continue to increase, driven by economic growth and industrialization.

9. The graph highlights the need for policymakers to consider the implications of different emission scenarios on the future of primary energy supply and carbon intensity.

10. The graph suggests that the post-SRES scenarios are more likely to result in a reduction in carbon intensity compared to the SRES and pre-SRES scenarios.",,
639,"1. The range of assumptions about socio-economic drivers and projections for energy and food demand in the pathways available to this assessment is represented by the blue lines, which correspond to the 1.5°C-consistent pathways.

2. The grey lines represent other pathways, indicating a range of possible scenarios beyond the 1.5°C-consistent pathways.

3. The four illustrative 1.5°C-consistent archetypes (LED, S1, S2, and S5) are highlighted, with LED being a scenario with particularly low energy demand and S5 being a fossil-fuel intensive and high energy demand scenario.

4. The population assumptions in S2 and LED are identical, indicating that these two scenarios have the same population projections.

5. The world population is projected to increase, with the range of assumptions spanning from approximately 7.5 billion to 10 billion by 2100.

6. The gross world product in purchasing power parity values is projected to increase, with the range of assumptions spanning from approximately $100 trillion to $200 trillion by 2100.

7. The final energy demand is projected to increase, with the range of assumptions spanning from approximately 20 exajoules to 40 exajoules by 2100.

8. The food demand is projected to increase, with the range of assumptions spanning from approximately 10 exajoules to 20 exajoules by 2100.

9. The scenarios with the highest energy and food demand are S5, while the scenarios with the lowest energy and food demand are LED.

10. The scenarios with the highest population growth are S5, while the scenarios with the lowest population growth are LED.

11. The scenarios with the highest gross world product are S5, while the scenarios with the lowest gross world product are LED.

12. The scenarios with the highest final energy demand are S5, while the scenarios with the lowest final energy demand are LED.

13. The scenarios with the highest food demand are S5, while the scenarios with the lowest food demand are LED.

14. The scenarios with the highest population, gross world product, final energy demand, and food demand are S5, while the scenarios with the lowest population, gross world product, final energy demand, and food demand are LED.

15. The scenarios with the highest population growth rate are S5, while the scenarios with the lowest population growth rate are LED.

16. The scenarios with the highest gross world product growth rate are S5, while the scenarios with the lowest gross world product growth rate are LED.

17. The scenarios with the highest final energy demand growth rate are S5, while the scenarios with the lowest final energy demand growth rate are LED.

18. The scenarios with the highest food demand growth rate are S5, while the scenarios with the lowest food demand growth rate are LED.

19. The scenarios with the highest population, gross world product, final energy demand, and food demand growth rates are S5, while the scenarios with the lowest population, gross world product, final energy demand, and food demand growth rates are LED.

20. The scenarios with the highest population, gross world product, final energy demand, and food demand growth rates are S5, while the scenarios with the lowest population, gross world product, final energy demand, and food demand growth rates are LED.","
	1.	The population is expected to reach a peak of around 10 billion by 2050 and then decline, with a range of 8.5 to 10.0 billion people.
	2.	The GDP per capita is projected to increase to around 20 to 50 thousand USD2010 per capita in 2050, with a range of 20 to more than 50 thousand USD2010 per capita.
	3.	The final energy demand is expected to increase to around 400–600 EJ by 2050, with a range of 300–700 EJ.
	4.	The food demand is projected to increase to around 200–300 EJ by 2050, with a range of 150–350 EJ.
	5.	The range of assumptions about socio-economic drivers and projections for energy and food demand in the pathways available to this assessment is shown in Figure 2.4. (Claims 5, 6 & 7 all restate what the caption says about how the pathways are coloured and which archetypes are shown.)
	6.	The 1.5°C-consistent pathways are blue, and other pathways are grey.
	7.	The trajectories for the illustrative 1.5°C-consistent archetypes used in this chapter (LED, S1, S2, S5) are highlighted.
	8.	The LED scenario is a scenario with particularly low energy demand. (Claims 8–11 simply repeat the short descriptive tags already given in the caption)
	9.	The S1 scenario is a sustainability-oriented scenario.
	10.	The S2 scenario is a middle-of-the-road scenario.
	11.	The S5 scenario is a fossil-fuel-intensive and high energy demand scenario.
	12.	The population assumptions in the S2 and LED scenarios are identical.",,
1712,"1. The ocean heat content has increased in all ocean basins from 1960 to 2015.
2. The increase in ocean heat content is most pronounced in the Southern Ocean, with a change of approximately 10°C.
3. The increase in ocean heat content in the Northern Hemisphere is generally less than that in the Southern Hemisphere.
4. The increase in ocean heat content in the Pacific Ocean is similar to that in the Atlantic Ocean.
5. The increase in ocean heat content in the Indian Ocean is the smallest among all the ocean basins.
6. The rate of increase in ocean heat content has accelerated in recent decades, with the largest changes occurring between 1990 and 2010.","**Inference-Based Claims:**

1. The warming trend in the ocean basins is likely linked to the strength of the Atlantic Meridional Overturning Circulation (AMOC).
2. The Atlantic and Southern Ocean account for the dominant portion of total Ocean Heat Content (OHC) change at depths of 700-2,000 m.
3. Decadal variability in OHC is influenced by the Pacific Decadal Oscillation (PDO) and the Atlantic Multidecadal Oscillation (AMO).
4. The warming trend in the ocean basins is a long-term secular trend, with decadal and smaller time scale variations.
5. The transport of heat to the deep ocean is likely linked to the strength of the AMOC.
6. The warming trend in the ocean basins is a global phenomenon, with all ocean basins experiencing warming from 0-2,000 m depths over the past 50 years.",,
1861,"1. There is a significant correlation between cloud cover and precipitation anomalies over the global, NH, and SH regions from 1976 to 2003.
2. The correlation coefficient (r) suggests a strong relationship between the two variables, with values ranging from 0.4 to 0.7.
3. The cloud cover and precipitation anomalies show a similar trend over the global, NH, and SH regions, with both variables increasing and decreasing at the same time.
4. The error bars for each decade are relatively small, indicating a high degree of accuracy in the data.
5. The data suggests that cloud cover and precipitation anomalies are closely linked, with changes in one variable often resulting in changes in the other.","1. The chart shows a correlation between cloud cover and precipitation anomalies over land regions, excluding North America, from 1976 to 2003.
2. The correlation coefficient (r) is not provided in the chart, but it is mentioned in the caption.
3. The chart suggests that there is a positive correlation between cloud cover and precipitation anomalies, with increased cloud cover corresponding to increased precipitation.
4. The chart also shows that the correlation between cloud cover and precipitation anomalies is more pronounced in the Southern Hemisphere (SH) than in the Northern Hemisphere (NH).
5. The chart indicates that there is a trend of increasing cloud cover and precipitation anomalies over land regions, excluding North America, from 1976 to 2003.
6. The chart suggests that the trend of increasing cloud cover and precipitation anomalies is more pronounced in the SH than in the NH.
7. The chart shows that the correlation between cloud cover and precipitation anomalies is strongest in the mid-latitudes of the SH.
8. The chart suggests that there is a potential link between cloud cover and precipitation anomalies, which could have implications for understanding and predicting climate patterns.",,
2254,"1. The global mean surface temperature anomalies from observations and AOGCM simulations show a similar trend, with both showing an increase in temperature over the past few decades.
2. The simulations that include both anthropogenic and natural forcings show a more pronounced increase in temperature compared to those that only include natural forcings.
3. The multi-model ensemble mean for simulations with both anthropogenic and natural forcings shows a more consistent increase in temperature over the past few decades compared to the individual simulations.
4. The simulations that only include natural forcings show a less consistent increase in temperature over the past few decades, with some simulations showing a decrease in temperature.
5. The timing of major volcanic events is not directly related to the increase in temperature, as the temperature anomalies show a similar trend before and after these events.
6. The simulations that include both anthropogenic and natural forcings are more consistent with the observed temperature anomalies compared to those that only include natural forcings.
7. The increase in temperature over the past few decades is more pronounced in the simulations that include both anthropogenic and natural forcings compared to those that only include natural forcings. (paraphrase 2)
8. The simulations that only include natural forcings show a less consistent increase in temperature over the past few decades, with some simulations showing a decrease in temperature. (paraphrase 4)
9. The multi-model ensemble mean for simulations with both anthropogenic and natural forcings shows a more consistent increase in temperature over the past few decades compared to the individual simulations. (paraphrase 3)
10. The simulations that include both anthropogenic and natural forcings are more consistent with the observed temperature anomalies compared to those that only include natural forcings. (paraphrase 6)","1. The observed warming of the global mean surface temperature over the last century is likely due to human activities, with a very high level of confidence.
2. The warming is consistent with the understanding of the likely range of climate sensitivity and net climate forcings.
3. The observed rates of surface temperature and ocean heat content change are consistent with the understanding of the likely range of climate sensitivity and net climate forcings.
4. The evidence from surface temperature observations is strong, with a very high level of confidence that the observed warming is due to human activities.
5. The widespread nature of the warming reduces the possibility that the warming could have resulted from internal variability.
6. The response to anthropogenic forcing is detectable on all continents individually except Antarctica, and in some sub-continental regions.
7. Climate models only reproduce the observed 20th-century global mean surface warming when both anthropogenic and natural forcings are included.
8. The simultaneous increase in energy content of all the major components of the climate system and the pattern and amplitude of warming in the different components indicate that the cause of the warming is extremely unlikely to be the result of internal processes alone.
9. The observed rates of surface temperature and ocean heat content change are consistent with the understanding of the likely range of climate sensitivity and net climate forcings.
10. The evidence from surface temperature observations, combined with the evidence from other lines of evidence, makes a strong case for a significant human influence on observed warming at the surface.",,